#
# A fatal error has been detected by the Java Runtime Environment:
#
#  EXCEPTION_ACCESS_VIOLATION (0xc0000005) at pc=0x00007ff85bb2402b, pid=4964, tid=15328
#
# JRE version: OpenJDK Runtime Environment Temurin-11.0.28+6 (11.0.28+6) (build 11.0.28+6)
# Java VM: OpenJDK 64-Bit Server VM Temurin-11.0.28+6 (11.0.28+6, mixed mode, tiered, compressed oops, g1 gc, windows-amd64)
# Problematic frame:
# C  [ig9icd64.dll+0x6e402b]
#
# No core dump will be written. Minidumps are not enabled by default on client versions of Windows
#
# If you would like to submit a bug report, please visit:
#   https://github.com/adoptium/adoptium-support/issues
# The crash happened outside the Java Virtual Machine in native code.
# See problematic frame for where to report the bug.
#

---------------  S U M M A R Y ------------

Command Line: -agentlib:jdwp=transport=dt_socket,server=n,suspend=y,address=localhost:64852 -ea com.zebakroarhelper.ZebakRoarPluginTest --developer-mode

Host: Intel(R) Core(TM) i7-7600U CPU @ 2.80GHz, 4 cores, 31G,  Windows 10 , 64 bit Build 19041 (10.0.19041.5915)
Time: Fri Jun  5 00:12:27 2026 GMT Summer Time elapsed time: 75.142504 seconds (0d 0h 1m 15s)

---------------  T H R E A D  ---------------

Current thread (0x00000210c69d6000):  JavaThread "Client" daemon [_thread_in_native, id=15328, stack(0x00000085b8a00000,0x00000085b8b00000)]

Stack: [0x00000085b8a00000,0x00000085b8b00000],  sp=0x00000085b8afe020,  free space=1016k
Native frames: (J=compiled Java code, j=interpreted, Vv=VM code, C=native code)
C  [ig9icd64.dll+0x6e402b]

Java frames: (J=compiled Java code, j=interpreted, Vv=VM code)
J 9476  org.lwjgl.opengl.GL11C.glClear(I)V (0 bytes) @ 0x00000210a76f0e11 [0x00000210a76f0dc0+0x0000000000000051]
J 9328 c1 net.runelite.client.plugins.gpu.GpuPlugin.draw(I)V (229 bytes) @ 0x00000210a15a1f8c [0x00000210a15a16e0+0x00000000000008ac]
J 6927 c1 tf.agd(Ljava/lang/Object;S)V (92 bytes) @ 0x00000210a0d14ca4 [0x00000210a0d14420+0x0000000000000884]
J 3719 c1 tf.ma(Ljava/lang/Object;)V (9 bytes) @ 0x00000210a0370a4c [0x00000210a03709c0+0x000000000000008c]
j  tf.run()V+146
j  java.lang.Thread.run()V+11 java.base@11.0.28
v  ~StubRoutines::call_stub

siginfo: EXCEPTION_ACCESS_VIOLATION (0xc0000005), reading address 0x0000000000000150


Register to memory mapping:

RIP=0x00007ff85bb2402b ig9icd64.dll
RAX=0x0000000000000150 is an unknown value
RBX=0x0 is NULL
RCX=0x0000000000000001 is an unknown value
RDX=0x0 is NULL
RSP=0x00000085b8afe020 is pointing into the stack for thread: 0x00000210c69d6000
RBP=0x00000085b8afe120 is pointing into the stack for thread: 0x00000210c69d6000
RSI=0x00000210cf5a7e00 points into unknown readable memory: 0x00000210cf47ae80 | 80 ae 47 cf 10 02 00 00
RDI=0x0 is NULL
R8 =0x00000085b8afe094 is pointing into the stack for thread: 0x00000210c69d6000
R9 =0x000000000000001b is an unknown value
R10=0x0000000000000018 is an unknown value
R11=0x00000085b8afedf0 is pointing into the stack for thread: 0x00000210c69d6000
R12=0x0000000000000001 is an unknown value
R13=0x00000210cf5dc980 points into unknown readable memory: 0x00000210c989a520 | 20 a5 89 c9 10 02 00 00
R14=0x0 is NULL
R15=0x00000210cf5e14c0 points into unknown readable memory: 0x0000000200000001 | 01 00 00 00 02 00 00 00


Registers:
RAX=0x0000000000000150, RBX=0x0000000000000000, RCX=0x0000000000000001, RDX=0x0000000000000000
RSP=0x00000085b8afe020, RBP=0x00000085b8afe120, RSI=0x00000210cf5a7e00, RDI=0x0000000000000000
R8 =0x00000085b8afe094, R9 =0x000000000000001b, R10=0x0000000000000018, R11=0x00000085b8afedf0
R12=0x0000000000000001, R13=0x00000210cf5dc980, R14=0x0000000000000000, R15=0x00000210cf5e14c0
RIP=0x00007ff85bb2402b, EFLAGS=0x0000000000010206

Top of Stack: (sp=0x00000085b8afe020)
0x00000085b8afe020:   00000085b8afec50 00000085b8afe120
0x00000085b8afe030:   00000210cf5a7e00 0000000000000000
0x00000085b8afe040:   0000000000000000 0000000000000000
0x00000085b8afe050:   000002100000001d 00000210cf5a7e00
0x00000085b8afe060:   0000000000000000 0000000000000000
0x00000085b8afe070:   0000000100000002 0000000300000000
0x00000085b8afe080:   0000000000000004 000024f5a2176f1f
0x00000085b8afe090:   0000020000000000 00007ff80000001d
0x00000085b8afe0a0:   00000210d7ec3dc0 0000000000000000
0x00000085b8afe0b0:   0000000000000000 00000085b8afe2e0
0x00000085b8afe0c0:   0000000000000000 00000210cf5e14c0
0x00000085b8afe0d0:   00000085b8afec50 0000000000000000
0x00000085b8afe0e0:   0000000000000000 0000000000000000
0x00000085b8afe0f0:   0000020000000000 00000210c68ffb00
0x00000085b8afe100:   0000000000000000 0000000000000000
0x00000085b8afe110:   0000000000000000 00000210c64774a0 

Instructions: (pc=0x00007ff85bb2402b)
0x00007ff85bb23f2b:   8b 55 90 48 8b 82 a0 05 00 00 48 85 c0 74 1f 66
0x00007ff85bb23f3b:   0f 1f 44 00 00 39 08 74 0b 48 8b 40 50 48 85 c0
0x00007ff85bb23f4b:   75 f3 eb 0a 48 83 c0 08 eb 1e 48 8b 55 90 80 ba
0x00007ff85bb23f5b:   a8 05 00 00 00 74 1b 8b c1 83 e0 0f 48 8d 04 c0
0x00007ff85bb23f6b:   48 8d 40 21 48 8d 04 c2 48 85 c0 74 05 48 8b 08
0x00007ff85bb23f7b:   eb 03 48 8b cf 49 8b 45 30 48 3b 88 48 01 00 00
0x00007ff85bb23f8b:   0f 87 b3 00 00 00 4c 8d be c0 96 03 00 4c 89 7d
0x00007ff85bb23f9b:   a8 41 8b 0f 83 f9 10 73 11 48 8d 04 cd 21 00 00
0x00007ff85bb23fab:   00 48 8b 55 88 48 03 c1 eb 6d 8d 51 f0 8b c2 c1
0x00007ff85bb23fbb:   e8 04 83 f8 03 73 21 0f ae e8 83 e2 0f 4c 8b 45
0x00007ff85bb23fcb:   88 4d 8b 84 c0 88 05 00 00 4d 85 c0 74 2f 48 8d
0x00007ff85bb23fdb:   0c d2 49 8d 04 c8 eb 43 48 8b 55 88 48 8b 82 a0
0x00007ff85bb23feb:   05 00 00 48 85 c0 74 19 39 08 74 0b 48 8b 40 50
0x00007ff85bb23ffb:   48 85 c0 75 f3 eb 0a 48 83 c0 08 eb 1e 48 8b 55
0x00007ff85bb2400b:   88 80 ba a8 05 00 00 00 74 1b 8b c1 83 e0 0f 48
0x00007ff85bb2401b:   8d 04 c0 48 8d 40 21 48 8d 04 c2 48 85 c0 74 05
0x00007ff85bb2402b:   48 8b 08 eb 03 48 8b cf 49 8b 45 30 48 3b 88 48
0x00007ff85bb2403b:   01 00 00 0f 86 94 01 00 00 4c 89 7d a8 65 48 8b
0x00007ff85bb2404b:   14 25 58 00 00 00 4a 8b 04 ca 41 8b 0c 02 39 0d
0x00007ff85bb2405b:   81 e9 8f 00 0f 8e b6 00 00 00 48 8d 0d 74 e9 8f
0x00007ff85bb2406b:   00 e8 37 b2 e8 ff 83 3d 68 e9 8f 00 ff 0f 85 9d
0x00007ff85bb2407b:   00 00 00 48 89 bd 18 03 00 00 c7 85 1c 03 00 00
0x00007ff85bb2408b:   00 04 00 00 48 89 bd 00 03 00 00 c7 85 04 03 00
0x00007ff85bb2409b:   00 04 00 00 00 48 89 bd 88 05 00 00 c7 85 8c 05
0x00007ff85bb240ab:   00 00 08 00 00 00 48 89 bd 70 05 00 00 c7 85 74
0x00007ff85bb240bb:   05 00 00 10 00 00 00 48 89 bd 58 05 00 00 c7 85
0x00007ff85bb240cb:   5c 05 00 00 00 00 10 00 48 8b 85 58 05 00 00 48
0x00007ff85bb240db:   0b 85 70 05 00 00 48 0b 85 88 05 00 00 48 0b 85
0x00007ff85bb240eb:   00 03 00 00 48 0b 85 18 03 00 00 48 c7 05 ef e8
0x00007ff85bb240fb:   8f 00 00 00 00 00 48 89 3d f0 e8 8f 00 48 89 05
0x00007ff85bb2410b:   d9 e8 8f 00 48 8d 0d ca e8 8f 00 e8 21 b1 e8 ff
0x00007ff85bb2411b:   4d 8b 8d a8 3f 00 00 41 80 39 00 74 18 48 8b 05 


Stack slot to memory mapping:
stack at sp + 0 slots: 0x00000085b8afec50 is pointing into the stack for thread: 0x00000210c69d6000
stack at sp + 1 slots: 0x00000085b8afe120 is pointing into the stack for thread: 0x00000210c69d6000
stack at sp + 2 slots: 0x00000210cf5a7e00 points into unknown readable memory: 0x00000210cf47ae80 | 80 ae 47 cf 10 02 00 00
stack at sp + 3 slots: 0x0 is NULL
stack at sp + 4 slots: 0x0 is NULL
stack at sp + 5 slots: 0x0 is NULL
stack at sp + 6 slots: 0x000002100000001d is an unknown value
stack at sp + 7 slots: 0x00000210cf5a7e00 points into unknown readable memory: 0x00000210cf47ae80 | 80 ae 47 cf 10 02 00 00


---------------  P R O C E S S  ---------------

Threads class SMR info:
_java_thread_list=0x00000210cf0bc3e0, length=37, elements={
0x00000210c4b25000, 0x00000210c4b26000, 0x00000210c4bb9800, 0x00000210c4bbc000,
0x00000210c4bbd800, 0x00000210c4b6a800, 0x00000210c4b6e000, 0x00000210c4bc5000,
0x00000210c4d58000, 0x00000210c4d5b800, 0x00000210c4d6a800, 0x00000210c4d7c800,
0x00000210c62c5000, 0x00000210c607c800, 0x00000210c5e65000, 0x00000210c6647800,
0x00000210c64e8000, 0x00000210c64ec800, 0x00000210c64ea800, 0x00000210c64eb800,
0x00000210c64ed000, 0x00000210c64e9000, 0x00000210c64ea000, 0x00000210c69d6000,
0x00000210c69d7800, 0x00000210c69d6800, 0x00000210c69d8800, 0x00000210c69d4800,
0x00000210c69d5000, 0x00000210c69db800, 0x00000210c69df000, 0x00000210c69e0800,
0x00000210c69dd800, 0x00000210c69dc800, 0x00000210c69db000, 0x00000210cb590800,
0x00000210cb58e000
}

Java Threads: ( => current thread )
  0x00000210c4b25000 JavaThread "Reference Handler" daemon [_thread_blocked, id=18656, stack(0x00000085b6500000,0x00000085b6600000)]
  0x00000210c4b26000 JavaThread "Finalizer" daemon [_thread_blocked, id=17160, stack(0x00000085b6600000,0x00000085b6700000)]
  0x00000210c4bb9800 JavaThread "Signal Dispatcher" daemon [_thread_blocked, id=14268, stack(0x00000085b6700000,0x00000085b6800000)]
  0x00000210c4bbc000 JavaThread "Attach Listener" daemon [_thread_blocked, id=8008, stack(0x00000085b6800000,0x00000085b6900000)]
  0x00000210c4bbd800 JavaThread "Service Thread" daemon [_thread_blocked, id=15852, stack(0x00000085b6900000,0x00000085b6a00000)]
  0x00000210c4b6a800 JavaThread "C2 CompilerThread0" daemon [_thread_blocked, id=5044, stack(0x00000085b6a00000,0x00000085b6b00000)]
  0x00000210c4b6e000 JavaThread "C1 CompilerThread0" daemon [_thread_blocked, id=13828, stack(0x00000085b6b00000,0x00000085b6c00000)]
  0x00000210c4bc5000 JavaThread "Sweeper thread" daemon [_thread_blocked, id=3236, stack(0x00000085b6c00000,0x00000085b6d00000)]
  0x00000210c4d58000 JavaThread "JDWP Transport Listener: dt_socket" daemon [_thread_blocked, id=14148, stack(0x00000085b6d00000,0x00000085b6e00000)]
  0x00000210c4d5b800 JavaThread "JDWP Event Helper Thread" daemon [_thread_blocked, id=15836, stack(0x00000085b6e00000,0x00000085b6f00000)]
  0x00000210c4d6a800 JavaThread "JDWP Command Reader" daemon [_thread_in_native, id=8316, stack(0x00000085b6f00000,0x00000085b7000000)]
  0x00000210c4d7c800 JavaThread "Common-Cleaner" daemon [_thread_blocked, id=21436, stack(0x00000085b7100000,0x00000085b7200000)]
  0x00000210c62c5000 JavaThread "Java2D Disposer" daemon [_thread_blocked, id=20916, stack(0x00000085b7a00000,0x00000085b7b00000)]
  0x00000210c607c800 JavaThread "AWT-Shutdown" [_thread_blocked, id=14740, stack(0x00000085b7b00000,0x00000085b7c00000)]
  0x00000210c5e65000 JavaThread "AWT-EventQueue-0" [_thread_blocked, id=9992, stack(0x00000085b7d00000,0x00000085b7e00000)]
  0x00000210c6647800 JavaThread "TimerQueue" daemon [_thread_blocked, id=16932, stack(0x00000085b7e00000,0x00000085b7f00000)]
  0x00000210c64e8000 JavaThread "logback-1" daemon [_thread_blocked, id=17780, stack(0x00000085b8100000,0x00000085b8200000)]
  0x00000210c64ec800 JavaThread "OkHttp static.runelite.net Writer" [_thread_blocked, id=10688, stack(0x00000085b8300000,0x00000085b8400000)]
  0x00000210c64ea800 JavaThread "OkHttp static.runelite.net" [_thread_in_native, id=15928, stack(0x00000085b8400000,0x00000085b8500000)]
  0x00000210c64eb800 JavaThread "OkHttp ConnectionPool" daemon [_thread_blocked, id=18852, stack(0x00000085b8500000,0x00000085b8600000)]
  0x00000210c64ed000 JavaThread "Okio Watchdog" daemon [_thread_blocked, id=1116, stack(0x00000085b8600000,0x00000085b8700000)]
  0x00000210c64e9000 JavaThread "pool-2-thread-1" [_thread_blocked, id=15952, stack(0x00000085b8900000,0x00000085b8a00000)]
  0x00000210c64ea000 JavaThread "Thread-1" daemon [_thread_blocked, id=18820, stack(0x00000085b8000000,0x00000085b8100000)]
=>0x00000210c69d6000 JavaThread "Client" daemon [_thread_in_native, id=15328, stack(0x00000085b8a00000,0x00000085b8b00000)]
  0x00000210c69d7800 JavaThread "Thread-3" daemon [_thread_blocked, id=16788, stack(0x00000085b8b00000,0x00000085b8c00000)]
  0x00000210c69d6800 JavaThread "Thread-5" daemon [_thread_blocked, id=11216, stack(0x00000085b8d00000,0x00000085b8e00000)]
  0x00000210c69d8800 JavaThread "Java Sound Event Dispatcher" daemon [_thread_blocked, id=19580, stack(0x00000085b9100000,0x00000085b9200000)]
  0x00000210c69d4800 JavaThread "Sound Engine" [_thread_blocked, id=13128, stack(0x00000085b9500000,0x00000085b9600000)]
  0x00000210c69d5000 JavaThread "pool-5-thread-1" [_thread_in_native, id=20824, stack(0x00000085b9b00000,0x00000085b9c00000)]
  0x00000210c69db800 JavaThread "Thread-7" daemon [_thread_blocked, id=16796, stack(0x00000085b9d00000,0x00000085b9e00000)]
  0x00000210c69df000 JavaThread "DestroyJavaVM" [_thread_blocked, id=18060, stack(0x00000085b5e00000,0x00000085b5f00000)]
  0x00000210c69e0800 JavaThread "tokenRequest-rest-request-1" daemon [_thread_blocked, id=22472, stack(0x00000085b7200000,0x00000085b7300000)]
  0x00000210c69dd800 JavaThread "Thread-8" daemon [_thread_in_native, id=4172, stack(0x00000085b9e00000,0x00000085b9f00000)]
  0x00000210c69dc800 JavaThread "Thread-9" daemon [_thread_blocked, id=22408, stack(0x00000085ba300000,0x00000085ba400000)]
  0x00000210c69db000 JavaThread "Map Loader" daemon [_thread_blocked, id=20280, stack(0x00000085ba400000,0x00000085ba500000)]
  0x00000210cb590800 JavaThread "SIGINT handler" daemon [_thread_blocked, id=21492, stack(0x00000085b5b00000,0x00000085b5c00000)]
  0x00000210cb58e000 JavaThread "SIGINT handler" daemon [_thread_blocked, id=12440, stack(0x00000085b5c00000,0x00000085b5d00000)]

Other Threads:
  0x00000210c4b24800 VMThread "VM Thread" [stack: 0x00000085b6400000,0x00000085b6500000] [id=11904]
  0x00000210c4d6e000 WatcherThread [stack: 0x00000085b7000000,0x00000085b7100000] [id=15304]
  0x0000021095698800 GCTaskThread "GC Thread#0" [stack: 0x00000085b5f00000,0x00000085b6000000] [id=2520]
  0x00000210c5fce800 GCTaskThread "GC Thread#1" [stack: 0x00000085b7300000,0x00000085b7400000] [id=11240]
  0x00000210c5fcf000 GCTaskThread "GC Thread#2" [stack: 0x00000085b7400000,0x00000085b7500000] [id=14464]
  0x00000210c5fcf800 GCTaskThread "GC Thread#3" [stack: 0x00000085b7500000,0x00000085b7600000] [id=6372]
  0x0000021095718800 ConcurrentGCThread "G1 Main Marker" [stack: 0x00000085b6000000,0x00000085b6100000] [id=15352]
  0x000002109571b000 ConcurrentGCThread "G1 Conc#0" [stack: 0x00000085b6100000,0x00000085b6200000] [id=20912]
  0x00000210c4185000 ConcurrentGCThread "G1 Refine#0" [stack: 0x00000085b6200000,0x00000085b6300000] [id=13040]
  0x00000210c5fab000 ConcurrentGCThread "G1 Refine#1" [stack: 0x00000085b7600000,0x00000085b7700000] [id=16408]
  0x00000210c5f86000 ConcurrentGCThread "G1 Refine#2" [stack: 0x00000085b7700000,0x00000085b7800000] [id=18012]
  0x00000210c5f87800 ConcurrentGCThread "G1 Refine#3" [stack: 0x00000085b7800000,0x00000085b7900000] [id=10412]
  0x00000210c4186000 ConcurrentGCThread "G1 Young RemSet Sampling" [stack: 0x00000085b6300000,0x00000085b6400000] [id=9128]

Threads with active compile tasks:

VM state:not at safepoint (normal execution)

VM Mutex/Monitor currently owned by a thread: None

Heap address: 0x0000000601e00000, size: 8162 MB, Compressed Oops mode: Zero based, Oop shift amount: 3
Narrow klass base: 0x0000000800000000, Narrow klass shift: 0
Compressed class space size: 1073741824 Address: 0x0000000800000000

Heap:
 garbage-first heap   total 851968K, used 397312K [0x0000000601e00000, 0x0000000800000000)
  region size 2048K, 53 young (108544K), 13 survivors (26624K)
 Metaspace       used 88173K, capacity 90890K, committed 91000K, reserved 1130496K
  class space    used 8765K, capacity 9928K, committed 9984K, reserved 1048576K
Heap Regions: E=young(eden), S=young(survivor), O=old, HS=humongous(starts), HC=humongous(continues), CS=collection set, F=free, A=archive, TAMS=top-at-mark-start (previous, next)
|   0|0x0000000601e00000, 0x0000000602000000, 0x0000000602000000|100%| O|  |TAMS 0x0000000602000000, 0x0000000601e00000| Untracked 
|   1|0x0000000602000000, 0x0000000602200000, 0x0000000602200000|100%| O|  |TAMS 0x0000000602200000, 0x0000000602000000| Untracked 
|   2|0x0000000602200000, 0x0000000602400000, 0x0000000602400000|100%| O|  |TAMS 0x0000000602400000, 0x0000000602200000| Untracked 
|   3|0x0000000602400000, 0x0000000602600000, 0x0000000602600000|100%| O|  |TAMS 0x0000000602600000, 0x0000000602400000| Untracked 
|   4|0x0000000602600000, 0x0000000602800000, 0x0000000602800000|100%| O|  |TAMS 0x0000000602800000, 0x0000000602600000| Untracked 
|   5|0x0000000602800000, 0x0000000602a00000, 0x0000000602a00000|100%| O|  |TAMS 0x0000000602a00000, 0x0000000602800000| Untracked 
|   6|0x0000000602a00000, 0x0000000602c00000, 0x0000000602c00000|100%| O|  |TAMS 0x0000000602c00000, 0x0000000602a00000| Untracked 
|   7|0x0000000602c00000, 0x0000000602e00000, 0x0000000602e00000|100%| O|  |TAMS 0x0000000602e00000, 0x0000000602c00000| Untracked 
|   8|0x0000000602e00000, 0x0000000603000000, 0x0000000603000000|100%| O|  |TAMS 0x0000000603000000, 0x0000000602e00000| Untracked 
|   9|0x0000000603000000, 0x0000000603200000, 0x0000000603200000|100%|HS|  |TAMS 0x0000000603200000, 0x0000000603000000| Complete 
|  10|0x0000000603200000, 0x0000000603400000, 0x0000000603400000|100%|HS|  |TAMS 0x0000000603400000, 0x0000000603200000| Complete 
|  11|0x0000000603400000, 0x0000000603600000, 0x0000000603600000|100%| O|  |TAMS 0x0000000603600000, 0x0000000603400000| Untracked 
|  12|0x0000000603600000, 0x0000000603800000, 0x0000000603800000|100%| O|  |TAMS 0x0000000603800000, 0x0000000603600000| Untracked 
|  13|0x0000000603800000, 0x0000000603a00000, 0x0000000603a00000|100%| O|  |TAMS 0x0000000603a00000, 0x0000000603800000| Untracked 
|  14|0x0000000603a00000, 0x0000000603c00000, 0x0000000603c00000|100%| O|  |TAMS 0x0000000603c00000, 0x0000000603a00000| Untracked 
|  15|0x0000000603c00000, 0x0000000603e00000, 0x0000000603e00000|100%| O|  |TAMS 0x0000000603e00000, 0x0000000603c00000| Untracked 
|  16|0x0000000603e00000, 0x0000000604000000, 0x0000000604000000|100%| O|  |TAMS 0x0000000604000000, 0x0000000603e00000| Untracked 
|  17|0x0000000604000000, 0x0000000604200000, 0x0000000604200000|100%| O|  |TAMS 0x0000000604200000, 0x0000000604000000| Untracked 
|  18|0x0000000604200000, 0x0000000604400000, 0x0000000604400000|100%| O|  |TAMS 0x0000000604400000, 0x0000000604200000| Untracked 
|  19|0x0000000604400000, 0x0000000604600000, 0x0000000604600000|100%| O|  |TAMS 0x0000000604600000, 0x0000000604400000| Untracked 
|  20|0x0000000604600000, 0x0000000604800000, 0x0000000604800000|100%| O|  |TAMS 0x0000000604800000, 0x0000000604600000| Untracked 
|  21|0x0000000604800000, 0x0000000604a00000, 0x0000000604a00000|100%| O|  |TAMS 0x0000000604a00000, 0x0000000604800000| Untracked 
|  22|0x0000000604a00000, 0x0000000604c00000, 0x0000000604c00000|100%| O|  |TAMS 0x0000000604c00000, 0x0000000604a00000| Untracked 
|  23|0x0000000604c00000, 0x0000000604e00000, 0x0000000604e00000|100%| O|  |TAMS 0x0000000604e00000, 0x0000000604c00000| Untracked 
|  24|0x0000000604e00000, 0x0000000605000000, 0x0000000605000000|100%| O|  |TAMS 0x0000000605000000, 0x0000000604e00000| Untracked 
|  25|0x0000000605000000, 0x0000000605200000, 0x0000000605200000|100%| O|  |TAMS 0x0000000605200000, 0x0000000605000000| Untracked 
|  26|0x0000000605200000, 0x0000000605400000, 0x0000000605400000|100%| O|  |TAMS 0x0000000605400000, 0x0000000605200000| Untracked 
|  27|0x0000000605400000, 0x0000000605600000, 0x0000000605600000|100%| O|  |TAMS 0x0000000605600000, 0x0000000605400000| Untracked 
|  28|0x0000000605600000, 0x0000000605800000, 0x0000000605800000|100%| O|  |TAMS 0x0000000605800000, 0x0000000605600000| Untracked 
|  29|0x0000000605800000, 0x0000000605a00000, 0x0000000605a00000|100%| O|  |TAMS 0x0000000605a00000, 0x0000000605800000| Untracked 
|  30|0x0000000605a00000, 0x0000000605c00000, 0x0000000605c00000|100%|HS|  |TAMS 0x0000000605a00000, 0x0000000605a00000| Complete 
|  31|0x0000000605c00000, 0x0000000605e00000, 0x0000000605e00000|100%|HS|  |TAMS 0x0000000605c00000, 0x0000000605c00000| Complete 
|  32|0x0000000605e00000, 0x0000000606000000, 0x0000000606000000|100%| O|  |TAMS 0x0000000606000000, 0x0000000605e00000| Untracked 
|  33|0x0000000606000000, 0x0000000606200000, 0x0000000606200000|100%| O|  |TAMS 0x0000000606000000, 0x0000000606000000| Untracked 
|  34|0x0000000606200000, 0x0000000606400000, 0x0000000606400000|100%| O|  |TAMS 0x0000000606200000, 0x0000000606200000| Untracked 
|  35|0x0000000606400000, 0x0000000606600000, 0x0000000606600000|100%|HS|  |TAMS 0x0000000606400000, 0x0000000606400000| Complete 
|  36|0x0000000606600000, 0x0000000606800000, 0x0000000606800000|100%|HS|  |TAMS 0x0000000606600000, 0x0000000606600000| Complete 
|  37|0x0000000606800000, 0x0000000606a00000, 0x0000000606a00000|100%|HS|  |TAMS 0x0000000606800000, 0x0000000606800000| Complete 
|  38|0x0000000606a00000, 0x0000000606c00000, 0x0000000606c00000|100%|HS|  |TAMS 0x0000000606a00000, 0x0000000606a00000| Complete 
|  39|0x0000000606c00000, 0x0000000606e00000, 0x0000000606e00000|100%|HS|  |TAMS 0x0000000606c00000, 0x0000000606c00000| Complete 
|  40|0x0000000606e00000, 0x0000000607000000, 0x0000000607000000|100%|HS|  |TAMS 0x0000000606e00000, 0x0000000606e00000| Complete 
|  41|0x0000000607000000, 0x0000000607200000, 0x0000000607200000|100%|HS|  |TAMS 0x0000000607000000, 0x0000000607000000| Complete 
|  42|0x0000000607200000, 0x0000000607400000, 0x0000000607400000|100%|HC|  |TAMS 0x0000000607200000, 0x0000000607200000| Complete 
|  43|0x0000000607400000, 0x0000000607600000, 0x0000000607600000|100%|HC|  |TAMS 0x0000000607400000, 0x0000000607400000| Complete 
|  44|0x0000000607600000, 0x0000000607800000, 0x0000000607800000|100%|HS|  |TAMS 0x0000000607600000, 0x0000000607600000| Complete 
|  45|0x0000000607800000, 0x0000000607a00000, 0x0000000607a00000|100%|HS|  |TAMS 0x0000000607800000, 0x0000000607800000| Complete 
|  46|0x0000000607a00000, 0x0000000607c00000, 0x0000000607c00000|100%|HC|  |TAMS 0x0000000607a00000, 0x0000000607a00000| Complete 
|  47|0x0000000607c00000, 0x0000000607e00000, 0x0000000607e00000|100%|HS|  |TAMS 0x0000000607c00000, 0x0000000607c00000| Complete 
|  48|0x0000000607e00000, 0x0000000608000000, 0x0000000608000000|100%|HS|  |TAMS 0x0000000607e00000, 0x0000000607e00000| Complete 
|  49|0x0000000608000000, 0x0000000608200000, 0x0000000608200000|100%|HS|  |TAMS 0x0000000608000000, 0x0000000608000000| Complete 
|  50|0x0000000608200000, 0x0000000608400000, 0x0000000608400000|100%| O|  |TAMS 0x0000000608400000, 0x0000000608200000| Untracked 
|  51|0x0000000608400000, 0x0000000608600000, 0x0000000608600000|100%| O|  |TAMS 0x0000000608600000, 0x0000000608400000| Untracked 
|  52|0x0000000608600000, 0x0000000608800000, 0x0000000608800000|100%|HS|  |TAMS 0x0000000608800000, 0x0000000608600000| Complete 
|  53|0x0000000608800000, 0x0000000608a00000, 0x0000000608a00000|100%|HS|  |TAMS 0x0000000608a00000, 0x0000000608800000| Complete 
|  54|0x0000000608a00000, 0x0000000608c00000, 0x0000000608c00000|100%| O|  |TAMS 0x0000000608c00000, 0x0000000608a00000| Untracked 
|  55|0x0000000608c00000, 0x0000000608e00000, 0x0000000608e00000|100%| O|  |TAMS 0x0000000608e00000, 0x0000000608c00000| Untracked 
|  56|0x0000000608e00000, 0x0000000609000000, 0x0000000609000000|100%| O|  |TAMS 0x0000000609000000, 0x0000000608e00000| Untracked 
|  57|0x0000000609000000, 0x0000000609200000, 0x0000000609200000|100%| O|  |TAMS 0x0000000609200000, 0x0000000609000000| Untracked 
|  58|0x0000000609200000, 0x0000000609400000, 0x0000000609400000|100%| O|  |TAMS 0x0000000609400000, 0x0000000609200000| Untracked 
|  59|0x0000000609400000, 0x0000000609600000, 0x0000000609600000|100%| O|  |TAMS 0x0000000609400000, 0x0000000609400000| Untracked 
|  60|0x0000000609600000, 0x0000000609800000, 0x0000000609800000|100%|HS|  |TAMS 0x0000000609600000, 0x0000000609600000| Complete 
|  61|0x0000000609800000, 0x0000000609a00000, 0x0000000609a00000|100%|HS|  |TAMS 0x0000000609800000, 0x0000000609800000| Complete 
|  62|0x0000000609a00000, 0x0000000609c00000, 0x0000000609c00000|100%|HC|  |TAMS 0x0000000609a00000, 0x0000000609a00000| Complete 
|  63|0x0000000609c00000, 0x0000000609e00000, 0x0000000609e00000|100%|HS|  |TAMS 0x0000000609c00000, 0x0000000609c00000| Complete 
|  64|0x0000000609e00000, 0x000000060a000000, 0x000000060a000000|100%|HC|  |TAMS 0x0000000609e00000, 0x0000000609e00000| Complete 
|  65|0x000000060a000000, 0x000000060a200000, 0x000000060a200000|100%|HS|  |TAMS 0x000000060a000000, 0x000000060a000000| Complete 
|  66|0x000000060a200000, 0x000000060a400000, 0x000000060a400000|100%|HC|  |TAMS 0x000000060a200000, 0x000000060a200000| Complete 
|  67|0x000000060a400000, 0x000000060a600000, 0x000000060a600000|100%| O|  |TAMS 0x000000060a400000, 0x000000060a400000| Untracked 
|  68|0x000000060a600000, 0x000000060a800000, 0x000000060a800000|100%| O|  |TAMS 0x000000060a600000, 0x000000060a600000| Untracked 
|  69|0x000000060a800000, 0x000000060aa00000, 0x000000060aa00000|100%| O|  |TAMS 0x000000060a800000, 0x000000060a800000| Untracked 
|  70|0x000000060aa00000, 0x000000060ac00000, 0x000000060ac00000|100%| O|  |TAMS 0x000000060aa00000, 0x000000060aa00000| Untracked 
|  71|0x000000060ac00000, 0x000000060ae00000, 0x000000060ae00000|100%| O|  |TAMS 0x000000060ac00000, 0x000000060ac00000| Untracked 
|  72|0x000000060ae00000, 0x000000060b000000, 0x000000060b000000|100%| O|  |TAMS 0x000000060ae00000, 0x000000060ae00000| Untracked 
|  73|0x000000060b000000, 0x000000060b200000, 0x000000060b200000|100%| O|  |TAMS 0x000000060b000000, 0x000000060b000000| Untracked 
|  74|0x000000060b200000, 0x000000060b400000, 0x000000060b400000|100%| O|  |TAMS 0x000000060b200000, 0x000000060b200000| Untracked 
|  75|0x000000060b400000, 0x000000060b600000, 0x000000060b600000|100%| O|  |TAMS 0x000000060b400000, 0x000000060b400000| Untracked 
|  76|0x000000060b600000, 0x000000060b800000, 0x000000060b800000|100%| O|  |TAMS 0x000000060b600000, 0x000000060b600000| Untracked 
|  77|0x000000060b800000, 0x000000060ba00000, 0x000000060ba00000|100%| O|  |TAMS 0x000000060b800000, 0x000000060b800000| Untracked 
|  78|0x000000060ba00000, 0x000000060bc00000, 0x000000060bc00000|100%| O|  |TAMS 0x000000060ba00000, 0x000000060ba00000| Untracked 
|  79|0x000000060bc00000, 0x000000060be00000, 0x000000060be00000|100%| O|  |TAMS 0x000000060bc00000, 0x000000060bc00000| Untracked 
|  80|0x000000060be00000, 0x000000060c000000, 0x000000060c000000|100%| O|  |TAMS 0x000000060be00000, 0x000000060be00000| Untracked 
|  81|0x000000060c000000, 0x000000060c200000, 0x000000060c200000|100%| O|  |TAMS 0x000000060c000000, 0x000000060c000000| Untracked 
|  82|0x000000060c200000, 0x000000060c400000, 0x000000060c400000|100%| O|  |TAMS 0x000000060c200000, 0x000000060c200000| Untracked 
|  83|0x000000060c400000, 0x000000060c600000, 0x000000060c600000|100%| O|  |TAMS 0x000000060c400000, 0x000000060c400000| Untracked 
|  84|0x000000060c600000, 0x000000060c800000, 0x000000060c800000|100%|HS|  |TAMS 0x000000060c600000, 0x000000060c600000| Complete 
|  85|0x000000060c800000, 0x000000060ca00000, 0x000000060ca00000|100%|HS|  |TAMS 0x000000060c800000, 0x000000060c800000| Complete 
|  86|0x000000060ca00000, 0x000000060cc00000, 0x000000060cc00000|100%|HS|  |TAMS 0x000000060ca00000, 0x000000060ca00000| Complete 
|  87|0x000000060cc00000, 0x000000060ce00000, 0x000000060ce00000|100%|HS|  |TAMS 0x000000060cc00000, 0x000000060cc00000| Complete 
|  88|0x000000060ce00000, 0x000000060d000000, 0x000000060d000000|100%|HS|  |TAMS 0x000000060ce00000, 0x000000060ce00000| Complete 
|  89|0x000000060d000000, 0x000000060d200000, 0x000000060d200000|100%|HS|  |TAMS 0x000000060d000000, 0x000000060d000000| Complete 
|  90|0x000000060d200000, 0x000000060d400000, 0x000000060d400000|100%|HC|  |TAMS 0x000000060d200000, 0x000000060d200000| Complete 
|  91|0x000000060d400000, 0x000000060d600000, 0x000000060d600000|100%|HC|  |TAMS 0x000000060d400000, 0x000000060d400000| Complete 
|  92|0x000000060d600000, 0x000000060d800000, 0x000000060d800000|100%|HS|  |TAMS 0x000000060d600000, 0x000000060d600000| Complete 
|  93|0x000000060d800000, 0x000000060da00000, 0x000000060da00000|100%|HS|  |TAMS 0x000000060d800000, 0x000000060d800000| Complete 
|  94|0x000000060da00000, 0x000000060dc00000, 0x000000060dc00000|100%|HC|  |TAMS 0x000000060da00000, 0x000000060da00000| Complete 
|  95|0x000000060dc00000, 0x000000060de00000, 0x000000060de00000|100%|HS|  |TAMS 0x000000060dc00000, 0x000000060dc00000| Complete 
|  96|0x000000060de00000, 0x000000060e000000, 0x000000060e000000|100%|HC|  |TAMS 0x000000060de00000, 0x000000060de00000| Complete 
|  97|0x000000060e000000, 0x000000060e200000, 0x000000060e200000|100%|HS|  |TAMS 0x000000060e000000, 0x000000060e000000| Complete 
|  98|0x000000060e200000, 0x000000060e400000, 0x000000060e400000|100%|HS|  |TAMS 0x000000060e200000, 0x000000060e200000| Complete 
|  99|0x000000060e400000, 0x000000060e600000, 0x000000060e600000|100%|HS|  |TAMS 0x000000060e400000, 0x000000060e400000| Complete 
| 100|0x000000060e600000, 0x000000060e800000, 0x000000060e800000|100%|HC|  |TAMS 0x000000060e600000, 0x000000060e600000| Complete 
| 101|0x000000060e800000, 0x000000060ea00000, 0x000000060ea00000|100%|HS|  |TAMS 0x000000060e800000, 0x000000060e800000| Complete 
| 102|0x000000060ea00000, 0x000000060ec00000, 0x000000060ec00000|100%|HC|  |TAMS 0x000000060ea00000, 0x000000060ea00000| Complete 
| 103|0x000000060ec00000, 0x000000060ee00000, 0x000000060ee00000|100%|HS|  |TAMS 0x000000060ee00000, 0x000000060ec00000| Complete 
| 104|0x000000060ee00000, 0x000000060f000000, 0x000000060f000000|100%|HS|  |TAMS 0x000000060f000000, 0x000000060ee00000| Complete 
| 105|0x000000060f000000, 0x000000060f200000, 0x000000060f200000|100%|HC|  |TAMS 0x000000060f200000, 0x000000060f000000| Complete 
| 106|0x000000060f200000, 0x000000060f400000, 0x000000060f400000|100%|HS|  |TAMS 0x000000060f400000, 0x000000060f200000| Complete 
| 107|0x000000060f400000, 0x000000060f600000, 0x000000060f600000|100%|HC|  |TAMS 0x000000060f600000, 0x000000060f400000| Complete 
| 108|0x000000060f600000, 0x000000060f800000, 0x000000060f800000|100%|HS|  |TAMS 0x000000060f800000, 0x000000060f600000| Complete 
| 109|0x000000060f800000, 0x000000060fa00000, 0x000000060fa00000|100%| O|  |TAMS 0x000000060fa00000, 0x000000060f800000| Untracked 
| 110|0x000000060fa00000, 0x000000060fc00000, 0x000000060fc00000|100%| O|  |TAMS 0x000000060fc00000, 0x000000060fa00000| Untracked 
| 111|0x000000060fc00000, 0x000000060fe00000, 0x000000060fe00000|100%| O|  |TAMS 0x000000060fe00000, 0x000000060fc00000| Untracked 
| 112|0x000000060fe00000, 0x0000000610000000, 0x0000000610000000|100%| O|  |TAMS 0x0000000610000000, 0x000000060fe00000| Untracked 
| 113|0x0000000610000000, 0x0000000610200000, 0x0000000610200000|100%| O|  |TAMS 0x0000000610200000, 0x0000000610000000| Untracked 
| 114|0x0000000610200000, 0x0000000610400000, 0x0000000610400000|100%| O|  |TAMS 0x0000000610400000, 0x0000000610200000| Untracked 
| 115|0x0000000610400000, 0x0000000610600000, 0x0000000610600000|100%| O|  |TAMS 0x0000000610600000, 0x0000000610400000| Untracked 
| 116|0x0000000610600000, 0x0000000610800000, 0x0000000610800000|100%| O|  |TAMS 0x0000000610800000, 0x0000000610600000| Untracked 
| 117|0x0000000610800000, 0x0000000610a00000, 0x0000000610a00000|100%| O|  |TAMS 0x0000000610a00000, 0x0000000610800000| Untracked 
| 118|0x0000000610a00000, 0x0000000610c00000, 0x0000000610c00000|100%| O|  |TAMS 0x0000000610c00000, 0x0000000610a00000| Untracked 
| 119|0x0000000610c00000, 0x0000000610c00000, 0x0000000610e00000|  0%| F|  |TAMS 0x0000000610c00000, 0x0000000610c00000| Untracked 
| 120|0x0000000610e00000, 0x0000000611000000, 0x0000000611000000|100%|HS|  |TAMS 0x0000000611000000, 0x0000000610e00000| Complete 
| 121|0x0000000611000000, 0x0000000611200000, 0x0000000611200000|100%|HS|  |TAMS 0x0000000611200000, 0x0000000611000000| Complete 
| 122|0x0000000611200000, 0x0000000611400000, 0x0000000611400000|100%|HS|  |TAMS 0x0000000611400000, 0x0000000611200000| Complete 
| 123|0x0000000611400000, 0x0000000611600000, 0x0000000611600000|100%| O|  |TAMS 0x0000000611600000, 0x0000000611400000| Untracked 
| 124|0x0000000611600000, 0x0000000611800000, 0x0000000611800000|100%| O|  |TAMS 0x0000000611800000, 0x0000000611600000| Untracked 
| 125|0x0000000611800000, 0x0000000611a00000, 0x0000000611a00000|100%| O|  |TAMS 0x0000000611a00000, 0x0000000611800000| Untracked 
| 126|0x0000000611a00000, 0x0000000611c00000, 0x0000000611c00000|100%| O|  |TAMS 0x0000000611c00000, 0x0000000611a00000| Untracked 
| 127|0x0000000611c00000, 0x0000000611e00000, 0x0000000611e00000|100%| O|  |TAMS 0x0000000611e00000, 0x0000000611c00000| Untracked 
| 128|0x0000000611e00000, 0x0000000612000000, 0x0000000612000000|100%| O|  |TAMS 0x0000000612000000, 0x0000000611e00000| Untracked 
| 129|0x0000000612000000, 0x0000000612200000, 0x0000000612200000|100%| O|  |TAMS 0x0000000612200000, 0x0000000612000000| Untracked 
| 130|0x0000000612200000, 0x0000000612400000, 0x0000000612400000|100%| O|  |TAMS 0x0000000612400000, 0x0000000612200000| Untracked 
| 131|0x0000000612400000, 0x0000000612600000, 0x0000000612600000|100%| O|  |TAMS 0x0000000612600000, 0x0000000612400000| Untracked 
| 132|0x0000000612600000, 0x0000000612800000, 0x0000000612800000|100%| O|  |TAMS 0x0000000612800000, 0x0000000612600000| Untracked 
| 133|0x0000000612800000, 0x0000000612a00000, 0x0000000612a00000|100%| O|  |TAMS 0x0000000612a00000, 0x0000000612800000| Untracked 
| 134|0x0000000612a00000, 0x0000000612c00000, 0x0000000612c00000|100%| O|  |TAMS 0x0000000612c00000, 0x0000000612a00000| Untracked 
| 135|0x0000000612c00000, 0x0000000612e00000, 0x0000000612e00000|100%| O|  |TAMS 0x0000000612e00000, 0x0000000612c00000| Untracked 
| 136|0x0000000612e00000, 0x0000000613000000, 0x0000000613000000|100%| O|  |TAMS 0x0000000613000000, 0x0000000612e00000| Untracked 
| 137|0x0000000613000000, 0x0000000613200000, 0x0000000613200000|100%| O|  |TAMS 0x0000000613200000, 0x0000000613000000| Untracked 
| 138|0x0000000613200000, 0x0000000613400000, 0x0000000613400000|100%| O|  |TAMS 0x0000000613400000, 0x0000000613200000| Untracked 
| 139|0x0000000613400000, 0x0000000613600000, 0x0000000613600000|100%| O|  |TAMS 0x0000000613600000, 0x0000000613400000| Untracked 
| 140|0x0000000613600000, 0x0000000613800000, 0x0000000613800000|100%| O|  |TAMS 0x00000006136eae00, 0x0000000613600000| Untracked 
| 141|0x0000000613800000, 0x0000000613a00000, 0x0000000613a00000|100%|HS|  |TAMS 0x0000000613800000, 0x0000000613800000| Complete 
| 142|0x0000000613a00000, 0x0000000613c00000, 0x0000000613c00000|100%|HC|  |TAMS 0x0000000613a00000, 0x0000000613a00000| Complete 
| 143|0x0000000613c00000, 0x0000000613c00000, 0x0000000613e00000|  0%| F|  |TAMS 0x0000000613c00000, 0x0000000613c00000| Untracked 
| 144|0x0000000613e00000, 0x0000000613e00000, 0x0000000614000000|  0%| F|  |TAMS 0x0000000613e00000, 0x0000000613e00000| Untracked 
| 145|0x0000000614000000, 0x0000000614000000, 0x0000000614200000|  0%| F|  |TAMS 0x0000000614000000, 0x0000000614000000| Untracked 
| 146|0x0000000614200000, 0x0000000614200000, 0x0000000614400000|  0%| F|  |TAMS 0x0000000614200000, 0x0000000614200000| Untracked 
| 147|0x0000000614400000, 0x0000000614400000, 0x0000000614600000|  0%| F|  |TAMS 0x0000000614400000, 0x0000000614400000| Untracked 
| 148|0x0000000614600000, 0x0000000614600000, 0x0000000614800000|  0%| F|  |TAMS 0x0000000614600000, 0x0000000614600000| Untracked 
| 149|0x0000000614800000, 0x0000000614800000, 0x0000000614a00000|  0%| F|  |TAMS 0x0000000614800000, 0x0000000614800000| Untracked 
| 150|0x0000000614a00000, 0x0000000614a00000, 0x0000000614c00000|  0%| F|  |TAMS 0x0000000614a00000, 0x0000000614a00000| Untracked 
| 151|0x0000000614c00000, 0x0000000614c00000, 0x0000000614e00000|  0%| F|  |TAMS 0x0000000614c00000, 0x0000000614c00000| Untracked 
| 152|0x0000000614e00000, 0x0000000614e00000, 0x0000000615000000|  0%| F|  |TAMS 0x0000000614e00000, 0x0000000614e00000| Untracked 
| 153|0x0000000615000000, 0x0000000615000000, 0x0000000615200000|  0%| F|  |TAMS 0x0000000615000000, 0x0000000615000000| Untracked 
| 154|0x0000000615200000, 0x0000000615200000, 0x0000000615400000|  0%| F|  |TAMS 0x0000000615200000, 0x0000000615200000| Untracked 
| 155|0x0000000615400000, 0x0000000615400000, 0x0000000615600000|  0%| F|  |TAMS 0x0000000615400000, 0x0000000615400000| Untracked 
| 156|0x0000000615600000, 0x0000000615600000, 0x0000000615800000|  0%| F|  |TAMS 0x0000000615600000, 0x0000000615600000| Untracked 
| 157|0x0000000615800000, 0x0000000615800000, 0x0000000615a00000|  0%| F|  |TAMS 0x0000000615800000, 0x0000000615800000| Untracked 
| 158|0x0000000615a00000, 0x0000000615a00000, 0x0000000615c00000|  0%| F|  |TAMS 0x0000000615a00000, 0x0000000615a00000| Untracked 
| 159|0x0000000615c00000, 0x0000000615c00000, 0x0000000615e00000|  0%| F|  |TAMS 0x0000000615c00000, 0x0000000615c00000| Untracked 
| 160|0x0000000615e00000, 0x0000000615e00000, 0x0000000616000000|  0%| F|  |TAMS 0x0000000615e00000, 0x0000000615e00000| Untracked 
| 161|0x0000000616000000, 0x0000000616000000, 0x0000000616200000|  0%| F|  |TAMS 0x0000000616000000, 0x0000000616000000| Untracked 
| 162|0x0000000616200000, 0x0000000616200000, 0x0000000616400000|  0%| F|  |TAMS 0x0000000616200000, 0x0000000616200000| Untracked 
| 163|0x0000000616400000, 0x0000000616400000, 0x0000000616600000|  0%| F|  |TAMS 0x0000000616400000, 0x0000000616400000| Untracked 
| 164|0x0000000616600000, 0x0000000616600000, 0x0000000616800000|  0%| F|  |TAMS 0x0000000616600000, 0x0000000616600000| Untracked 
| 165|0x0000000616800000, 0x0000000616800000, 0x0000000616a00000|  0%| F|  |TAMS 0x0000000616800000, 0x0000000616800000| Untracked 
| 166|0x0000000616a00000, 0x0000000616a00000, 0x0000000616c00000|  0%| F|  |TAMS 0x0000000616a00000, 0x0000000616a00000| Untracked 
| 167|0x0000000616c00000, 0x0000000616c00000, 0x0000000616e00000|  0%| F|  |TAMS 0x0000000616c00000, 0x0000000616c00000| Untracked 
| 168|0x0000000616e00000, 0x0000000616e00000, 0x0000000617000000|  0%| F|  |TAMS 0x0000000616e00000, 0x0000000616e00000| Untracked 
| 169|0x0000000617000000, 0x0000000617000000, 0x0000000617200000|  0%| F|  |TAMS 0x0000000617000000, 0x0000000617000000| Untracked 
| 170|0x0000000617200000, 0x0000000617200000, 0x0000000617400000|  0%| F|  |TAMS 0x0000000617200000, 0x0000000617200000| Untracked 
| 171|0x0000000617400000, 0x0000000617400000, 0x0000000617600000|  0%| F|  |TAMS 0x0000000617400000, 0x0000000617400000| Untracked 
| 172|0x0000000617600000, 0x0000000617600000, 0x0000000617800000|  0%| F|  |TAMS 0x0000000617600000, 0x0000000617600000| Untracked 
| 173|0x0000000617800000, 0x0000000617800000, 0x0000000617a00000|  0%| F|  |TAMS 0x0000000617800000, 0x0000000617800000| Untracked 
| 174|0x0000000617a00000, 0x0000000617a00000, 0x0000000617c00000|  0%| F|  |TAMS 0x0000000617a00000, 0x0000000617a00000| Untracked 
| 175|0x0000000617c00000, 0x0000000617c00000, 0x0000000617e00000|  0%| F|  |TAMS 0x0000000617c00000, 0x0000000617c00000| Untracked 
| 176|0x0000000617e00000, 0x0000000617e00000, 0x0000000618000000|  0%| F|  |TAMS 0x0000000617e00000, 0x0000000617e00000| Untracked 
| 177|0x0000000618000000, 0x0000000618000000, 0x0000000618200000|  0%| F|  |TAMS 0x0000000618000000, 0x0000000618000000| Untracked 
| 178|0x0000000618200000, 0x0000000618200000, 0x0000000618400000|  0%| F|  |TAMS 0x0000000618200000, 0x0000000618200000| Untracked 
| 179|0x0000000618400000, 0x0000000618400000, 0x0000000618600000|  0%| F|  |TAMS 0x0000000618400000, 0x0000000618400000| Untracked 
| 180|0x0000000618600000, 0x0000000618600000, 0x0000000618800000|  0%| F|  |TAMS 0x0000000618600000, 0x0000000618600000| Untracked 
| 181|0x0000000618800000, 0x0000000618800000, 0x0000000618a00000|  0%| F|  |TAMS 0x0000000618800000, 0x0000000618800000| Untracked 
| 182|0x0000000618a00000, 0x0000000618a00000, 0x0000000618c00000|  0%| F|  |TAMS 0x0000000618a00000, 0x0000000618a00000| Untracked 
| 183|0x0000000618c00000, 0x0000000618c00000, 0x0000000618e00000|  0%| F|  |TAMS 0x0000000618c00000, 0x0000000618c00000| Untracked 
| 184|0x0000000618e00000, 0x0000000618e00000, 0x0000000619000000|  0%| F|  |TAMS 0x0000000618e00000, 0x0000000618e00000| Untracked 
| 185|0x0000000619000000, 0x0000000619000000, 0x0000000619200000|  0%| F|  |TAMS 0x0000000619000000, 0x0000000619000000| Untracked 
| 186|0x0000000619200000, 0x0000000619200000, 0x0000000619400000|  0%| F|  |TAMS 0x0000000619200000, 0x0000000619200000| Untracked 
| 187|0x0000000619400000, 0x0000000619400000, 0x0000000619600000|  0%| F|  |TAMS 0x0000000619400000, 0x0000000619400000| Untracked 
| 188|0x0000000619600000, 0x0000000619600000, 0x0000000619800000|  0%| F|  |TAMS 0x0000000619600000, 0x0000000619600000| Untracked 
| 189|0x0000000619800000, 0x0000000619800000, 0x0000000619a00000|  0%| F|  |TAMS 0x0000000619800000, 0x0000000619800000| Untracked 
| 190|0x0000000619a00000, 0x0000000619a00000, 0x0000000619c00000|  0%| F|  |TAMS 0x0000000619a00000, 0x0000000619a00000| Untracked 
| 191|0x0000000619c00000, 0x0000000619c00000, 0x0000000619e00000|  0%| F|  |TAMS 0x0000000619c00000, 0x0000000619c00000| Untracked 
| 192|0x0000000619e00000, 0x0000000619e00000, 0x000000061a000000|  0%| F|  |TAMS 0x0000000619e00000, 0x0000000619e00000| Untracked 
| 193|0x000000061a000000, 0x000000061a000000, 0x000000061a200000|  0%| F|  |TAMS 0x000000061a000000, 0x000000061a000000| Untracked 
| 194|0x000000061a200000, 0x000000061a200000, 0x000000061a400000|  0%| F|  |TAMS 0x000000061a200000, 0x000000061a200000| Untracked 
| 195|0x000000061a400000, 0x000000061a400000, 0x000000061a600000|  0%| F|  |TAMS 0x000000061a400000, 0x000000061a400000| Untracked 
| 196|0x000000061a600000, 0x000000061a600000, 0x000000061a800000|  0%| F|  |TAMS 0x000000061a600000, 0x000000061a600000| Untracked 
| 197|0x000000061a800000, 0x000000061a800000, 0x000000061aa00000|  0%| F|  |TAMS 0x000000061a800000, 0x000000061a800000| Untracked 
| 198|0x000000061aa00000, 0x000000061aa00000, 0x000000061ac00000|  0%| F|  |TAMS 0x000000061aa00000, 0x000000061aa00000| Untracked 
| 199|0x000000061ac00000, 0x000000061ac00000, 0x000000061ae00000|  0%| F|  |TAMS 0x000000061ac00000, 0x000000061ac00000| Untracked 
| 200|0x000000061ae00000, 0x000000061ae00000, 0x000000061b000000|  0%| F|  |TAMS 0x000000061ae00000, 0x000000061ae00000| Untracked 
| 201|0x000000061b000000, 0x000000061b000000, 0x000000061b200000|  0%| F|  |TAMS 0x000000061b000000, 0x000000061b000000| Untracked 
| 202|0x000000061b200000, 0x000000061b200000, 0x000000061b400000|  0%| F|  |TAMS 0x000000061b200000, 0x000000061b200000| Untracked 
| 203|0x000000061b400000, 0x000000061b400000, 0x000000061b600000|  0%| F|  |TAMS 0x000000061b400000, 0x000000061b400000| Untracked 
| 204|0x000000061b600000, 0x000000061b600000, 0x000000061b800000|  0%| F|  |TAMS 0x000000061b600000, 0x000000061b600000| Untracked 
| 205|0x000000061b800000, 0x000000061b800000, 0x000000061ba00000|  0%| F|  |TAMS 0x000000061b800000, 0x000000061b800000| Untracked 
| 206|0x000000061ba00000, 0x000000061ba00000, 0x000000061bc00000|  0%| F|  |TAMS 0x000000061ba00000, 0x000000061ba00000| Untracked 
| 207|0x000000061bc00000, 0x000000061bc00000, 0x000000061be00000|  0%| F|  |TAMS 0x000000061bc00000, 0x000000061bc00000| Untracked 
| 208|0x000000061be00000, 0x000000061be00000, 0x000000061c000000|  0%| F|  |TAMS 0x000000061be00000, 0x000000061be00000| Untracked 
| 209|0x000000061c000000, 0x000000061c000000, 0x000000061c200000|  0%| F|  |TAMS 0x000000061c000000, 0x000000061c000000| Untracked 
| 210|0x000000061c200000, 0x000000061c200000, 0x000000061c400000|  0%| F|  |TAMS 0x000000061c200000, 0x000000061c200000| Untracked 
| 211|0x000000061c400000, 0x000000061c400000, 0x000000061c600000|  0%| F|  |TAMS 0x000000061c400000, 0x000000061c400000| Untracked 
| 212|0x000000061c600000, 0x000000061c600000, 0x000000061c800000|  0%| F|  |TAMS 0x000000061c600000, 0x000000061c600000| Untracked 
| 213|0x000000061c800000, 0x000000061c800000, 0x000000061ca00000|  0%| F|  |TAMS 0x000000061c800000, 0x000000061c800000| Untracked 
| 214|0x000000061ca00000, 0x000000061ca00000, 0x000000061cc00000|  0%| F|  |TAMS 0x000000061ca00000, 0x000000061ca00000| Untracked 
| 215|0x000000061cc00000, 0x000000061cc00000, 0x000000061ce00000|  0%| F|  |TAMS 0x000000061cc00000, 0x000000061cc00000| Untracked 
| 216|0x000000061ce00000, 0x000000061ce00000, 0x000000061d000000|  0%| F|  |TAMS 0x000000061ce00000, 0x000000061ce00000| Untracked 
| 217|0x000000061d000000, 0x000000061d000000, 0x000000061d200000|  0%| F|  |TAMS 0x000000061d000000, 0x000000061d000000| Untracked 
| 218|0x000000061d200000, 0x000000061d200000, 0x000000061d400000|  0%| F|  |TAMS 0x000000061d200000, 0x000000061d200000| Untracked 
| 219|0x000000061d400000, 0x000000061d400000, 0x000000061d600000|  0%| F|  |TAMS 0x000000061d400000, 0x000000061d400000| Untracked 
| 220|0x000000061d600000, 0x000000061d600000, 0x000000061d800000|  0%| F|  |TAMS 0x000000061d600000, 0x000000061d600000| Untracked 
| 221|0x000000061d800000, 0x000000061d800000, 0x000000061da00000|  0%| F|  |TAMS 0x000000061d800000, 0x000000061d800000| Untracked 
| 222|0x000000061da00000, 0x000000061da00000, 0x000000061dc00000|  0%| F|  |TAMS 0x000000061da00000, 0x000000061da00000| Untracked 
| 223|0x000000061dc00000, 0x000000061dc00000, 0x000000061de00000|  0%| F|  |TAMS 0x000000061dc00000, 0x000000061dc00000| Untracked 
| 224|0x000000061de00000, 0x000000061de00000, 0x000000061e000000|  0%| F|  |TAMS 0x000000061de00000, 0x000000061de00000| Untracked 
| 225|0x000000061e000000, 0x000000061e000000, 0x000000061e200000|  0%| F|  |TAMS 0x000000061e000000, 0x000000061e000000| Untracked 
| 226|0x000000061e200000, 0x000000061e200000, 0x000000061e400000|  0%| F|  |TAMS 0x000000061e200000, 0x000000061e200000| Untracked 
| 227|0x000000061e400000, 0x000000061e400000, 0x000000061e600000|  0%| F|  |TAMS 0x000000061e400000, 0x000000061e400000| Untracked 
| 228|0x000000061e600000, 0x000000061e600000, 0x000000061e800000|  0%| F|  |TAMS 0x000000061e600000, 0x000000061e600000| Untracked 
| 229|0x000000061e800000, 0x000000061e800000, 0x000000061ea00000|  0%| F|  |TAMS 0x000000061e800000, 0x000000061e800000| Untracked 
| 230|0x000000061ea00000, 0x000000061ea00000, 0x000000061ec00000|  0%| F|  |TAMS 0x000000061ea00000, 0x000000061ea00000| Untracked 
| 231|0x000000061ec00000, 0x000000061ec00000, 0x000000061ee00000|  0%| F|  |TAMS 0x000000061ec00000, 0x000000061ec00000| Untracked 
| 232|0x000000061ee00000, 0x000000061ee00000, 0x000000061f000000|  0%| F|  |TAMS 0x000000061ee00000, 0x000000061ee00000| Untracked 
| 233|0x000000061f000000, 0x000000061f000000, 0x000000061f200000|  0%| F|  |TAMS 0x000000061f000000, 0x000000061f000000| Untracked 
| 234|0x000000061f200000, 0x000000061f200000, 0x000000061f400000|  0%| F|  |TAMS 0x000000061f200000, 0x000000061f200000| Untracked 
| 235|0x000000061f400000, 0x000000061f400000, 0x000000061f600000|  0%| F|  |TAMS 0x000000061f400000, 0x000000061f400000| Untracked 
| 236|0x000000061f600000, 0x000000061f600000, 0x000000061f800000|  0%| F|  |TAMS 0x000000061f600000, 0x000000061f600000| Untracked 
| 237|0x000000061f800000, 0x000000061f800000, 0x000000061fa00000|  0%| F|  |TAMS 0x000000061f800000, 0x000000061f800000| Untracked 
| 238|0x000000061fa00000, 0x000000061fa00000, 0x000000061fc00000|  0%| F|  |TAMS 0x000000061fa00000, 0x000000061fa00000| Untracked 
| 239|0x000000061fc00000, 0x000000061fc00000, 0x000000061fe00000|  0%| F|  |TAMS 0x000000061fc00000, 0x000000061fc00000| Untracked 
| 240|0x000000061fe00000, 0x000000061fe00000, 0x0000000620000000|  0%| F|  |TAMS 0x000000061fe00000, 0x000000061fe00000| Untracked 
| 241|0x0000000620000000, 0x0000000620000000, 0x0000000620200000|  0%| F|  |TAMS 0x0000000620000000, 0x0000000620000000| Untracked 
| 242|0x0000000620200000, 0x0000000620200000, 0x0000000620400000|  0%| F|  |TAMS 0x0000000620200000, 0x0000000620200000| Untracked 
| 243|0x0000000620400000, 0x0000000620400000, 0x0000000620600000|  0%| F|  |TAMS 0x0000000620400000, 0x0000000620400000| Untracked 
| 244|0x0000000620600000, 0x0000000620600000, 0x0000000620800000|  0%| F|  |TAMS 0x0000000620600000, 0x0000000620600000| Untracked 
| 245|0x0000000620800000, 0x0000000620800000, 0x0000000620a00000|  0%| F|  |TAMS 0x0000000620800000, 0x0000000620800000| Untracked 
| 246|0x0000000620a00000, 0x0000000620a00000, 0x0000000620c00000|  0%| F|  |TAMS 0x0000000620a00000, 0x0000000620a00000| Untracked 
| 247|0x0000000620c00000, 0x0000000620c00000, 0x0000000620e00000|  0%| F|  |TAMS 0x0000000620c00000, 0x0000000620c00000| Untracked 
| 248|0x0000000620e00000, 0x0000000620e00000, 0x0000000621000000|  0%| F|  |TAMS 0x0000000620e00000, 0x0000000620e00000| Untracked 
| 249|0x0000000621000000, 0x0000000621000000, 0x0000000621200000|  0%| F|  |TAMS 0x0000000621000000, 0x0000000621000000| Untracked 
| 250|0x0000000621200000, 0x0000000621200000, 0x0000000621400000|  0%| F|  |TAMS 0x0000000621200000, 0x0000000621200000| Untracked 
| 251|0x0000000621400000, 0x0000000621400000, 0x0000000621600000|  0%| F|  |TAMS 0x0000000621400000, 0x0000000621400000| Untracked 
| 252|0x0000000621600000, 0x0000000621600000, 0x0000000621800000|  0%| F|  |TAMS 0x0000000621600000, 0x0000000621600000| Untracked 
| 253|0x0000000621800000, 0x0000000621800000, 0x0000000621a00000|  0%| F|  |TAMS 0x0000000621800000, 0x0000000621800000| Untracked 
| 254|0x0000000621a00000, 0x0000000621a00000, 0x0000000621c00000|  0%| F|  |TAMS 0x0000000621a00000, 0x0000000621a00000| Untracked 
| 255|0x0000000621c00000, 0x0000000621c00000, 0x0000000621e00000|  0%| F|  |TAMS 0x0000000621c00000, 0x0000000621c00000| Untracked 
| 256|0x0000000621e00000, 0x0000000621e00000, 0x0000000622000000|  0%| F|  |TAMS 0x0000000621e00000, 0x0000000621e00000| Untracked 
| 257|0x0000000622000000, 0x0000000622000000, 0x0000000622200000|  0%| F|  |TAMS 0x0000000622000000, 0x0000000622000000| Untracked 
| 258|0x0000000622200000, 0x0000000622200000, 0x0000000622400000|  0%| F|  |TAMS 0x0000000622200000, 0x0000000622200000| Untracked 
| 259|0x0000000622400000, 0x0000000622400000, 0x0000000622600000|  0%| F|  |TAMS 0x0000000622400000, 0x0000000622400000| Untracked 
| 260|0x0000000622600000, 0x0000000622600000, 0x0000000622800000|  0%| F|  |TAMS 0x0000000622600000, 0x0000000622600000| Untracked 
| 261|0x0000000622800000, 0x0000000622800000, 0x0000000622a00000|  0%| F|  |TAMS 0x0000000622800000, 0x0000000622800000| Untracked 
| 262|0x0000000622a00000, 0x0000000622a00000, 0x0000000622c00000|  0%| F|  |TAMS 0x0000000622a00000, 0x0000000622a00000| Untracked 
| 263|0x0000000622c00000, 0x0000000622c00000, 0x0000000622e00000|  0%| F|  |TAMS 0x0000000622c00000, 0x0000000622c00000| Untracked 
| 264|0x0000000622e00000, 0x0000000622e00000, 0x0000000623000000|  0%| F|  |TAMS 0x0000000622e00000, 0x0000000622e00000| Untracked 
| 265|0x0000000623000000, 0x0000000623000000, 0x0000000623200000|  0%| F|  |TAMS 0x0000000623000000, 0x0000000623000000| Untracked 
| 266|0x0000000623200000, 0x0000000623200000, 0x0000000623400000|  0%| F|  |TAMS 0x0000000623200000, 0x0000000623200000| Untracked 
| 267|0x0000000623400000, 0x0000000623400000, 0x0000000623600000|  0%| F|  |TAMS 0x0000000623400000, 0x0000000623400000| Untracked 
| 268|0x0000000623600000, 0x0000000623600000, 0x0000000623800000|  0%| F|  |TAMS 0x0000000623600000, 0x0000000623600000| Untracked 
| 269|0x0000000623800000, 0x0000000623800000, 0x0000000623a00000|  0%| F|  |TAMS 0x0000000623800000, 0x0000000623800000| Untracked 
| 270|0x0000000623a00000, 0x0000000623a00000, 0x0000000623c00000|  0%| F|  |TAMS 0x0000000623a00000, 0x0000000623a00000| Untracked 
| 271|0x0000000623c00000, 0x0000000623e00000, 0x0000000623e00000|100%| S|CS|TAMS 0x0000000623c00000, 0x0000000623c00000| Complete 
| 272|0x0000000623e00000, 0x0000000624000000, 0x0000000624000000|100%| S|CS|TAMS 0x0000000623e00000, 0x0000000623e00000| Complete 
| 273|0x0000000624000000, 0x0000000624200000, 0x0000000624200000|100%| S|CS|TAMS 0x0000000624000000, 0x0000000624000000| Complete 
| 274|0x0000000624200000, 0x0000000624400000, 0x0000000624400000|100%| S|CS|TAMS 0x0000000624200000, 0x0000000624200000| Complete 
| 275|0x0000000624400000, 0x0000000624600000, 0x0000000624600000|100%| S|CS|TAMS 0x0000000624400000, 0x0000000624400000| Complete 
| 276|0x0000000624600000, 0x0000000624800000, 0x0000000624800000|100%| S|CS|TAMS 0x0000000624600000, 0x0000000624600000| Complete 
| 277|0x0000000624800000, 0x0000000624a00000, 0x0000000624a00000|100%| S|CS|TAMS 0x0000000624800000, 0x0000000624800000| Complete 
| 278|0x0000000624a00000, 0x0000000624c00000, 0x0000000624c00000|100%| S|CS|TAMS 0x0000000624a00000, 0x0000000624a00000| Complete 
| 279|0x0000000624c00000, 0x0000000624e00000, 0x0000000624e00000|100%| S|CS|TAMS 0x0000000624c00000, 0x0000000624c00000| Complete 
| 280|0x0000000624e00000, 0x0000000625000000, 0x0000000625000000|100%| S|CS|TAMS 0x0000000624e00000, 0x0000000624e00000| Complete 
| 281|0x0000000625000000, 0x0000000625200000, 0x0000000625200000|100%| S|CS|TAMS 0x0000000625000000, 0x0000000625000000| Complete 
| 282|0x0000000625200000, 0x0000000625400000, 0x0000000625400000|100%| S|CS|TAMS 0x0000000625200000, 0x0000000625200000| Complete 
| 283|0x0000000625400000, 0x0000000625600000, 0x0000000625600000|100%| S|CS|TAMS 0x0000000625400000, 0x0000000625400000| Complete 
| 284|0x0000000625600000, 0x0000000625600000, 0x0000000625800000|  0%| F|  |TAMS 0x0000000625600000, 0x0000000625600000| Untracked 
| 285|0x0000000625800000, 0x0000000625800000, 0x0000000625a00000|  0%| F|  |TAMS 0x0000000625800000, 0x0000000625800000| Untracked 
| 286|0x0000000625a00000, 0x0000000625a00000, 0x0000000625c00000|  0%| F|  |TAMS 0x0000000625a00000, 0x0000000625a00000| Untracked 
| 287|0x0000000625c00000, 0x0000000625c00000, 0x0000000625e00000|  0%| F|  |TAMS 0x0000000625c00000, 0x0000000625c00000| Untracked 
| 288|0x0000000625e00000, 0x0000000625e00000, 0x0000000626000000|  0%| F|  |TAMS 0x0000000625e00000, 0x0000000625e00000| Untracked 
| 289|0x0000000626000000, 0x0000000626000000, 0x0000000626200000|  0%| F|  |TAMS 0x0000000626000000, 0x0000000626000000| Untracked 
| 290|0x0000000626200000, 0x0000000626200000, 0x0000000626400000|  0%| F|  |TAMS 0x0000000626200000, 0x0000000626200000| Untracked 
| 291|0x0000000626400000, 0x0000000626400000, 0x0000000626600000|  0%| F|  |TAMS 0x0000000626400000, 0x0000000626400000| Untracked 
| 292|0x0000000626600000, 0x0000000626600000, 0x0000000626800000|  0%| F|  |TAMS 0x0000000626600000, 0x0000000626600000| Untracked 
| 293|0x0000000626800000, 0x0000000626800000, 0x0000000626a00000|  0%| F|  |TAMS 0x0000000626800000, 0x0000000626800000| Untracked 
| 294|0x0000000626a00000, 0x0000000626a00000, 0x0000000626c00000|  0%| F|  |TAMS 0x0000000626a00000, 0x0000000626a00000| Untracked 
| 295|0x0000000626c00000, 0x0000000626c00000, 0x0000000626e00000|  0%| F|  |TAMS 0x0000000626c00000, 0x0000000626c00000| Untracked 
| 296|0x0000000626e00000, 0x0000000626e00000, 0x0000000627000000|  0%| F|  |TAMS 0x0000000626e00000, 0x0000000626e00000| Untracked 
| 297|0x0000000627000000, 0x0000000627000000, 0x0000000627200000|  0%| F|  |TAMS 0x0000000627000000, 0x0000000627000000| Untracked 
| 298|0x0000000627200000, 0x0000000627200000, 0x0000000627400000|  0%| F|  |TAMS 0x0000000627200000, 0x0000000627200000| Untracked 
| 299|0x0000000627400000, 0x0000000627400000, 0x0000000627600000|  0%| F|  |TAMS 0x0000000627400000, 0x0000000627400000| Untracked 
| 300|0x0000000627600000, 0x0000000627600000, 0x0000000627800000|  0%| F|  |TAMS 0x0000000627600000, 0x0000000627600000| Untracked 
| 301|0x0000000627800000, 0x0000000627800000, 0x0000000627a00000|  0%| F|  |TAMS 0x0000000627800000, 0x0000000627800000| Untracked 
| 302|0x0000000627a00000, 0x0000000627a00000, 0x0000000627c00000|  0%| F|  |TAMS 0x0000000627a00000, 0x0000000627a00000| Untracked 
| 303|0x0000000627c00000, 0x0000000627c00000, 0x0000000627e00000|  0%| F|  |TAMS 0x0000000627c00000, 0x0000000627c00000| Untracked 
| 304|0x0000000627e00000, 0x0000000627e00000, 0x0000000628000000|  0%| F|  |TAMS 0x0000000627e00000, 0x0000000627e00000| Untracked 
| 305|0x0000000628000000, 0x0000000628000000, 0x0000000628200000|  0%| F|  |TAMS 0x0000000628000000, 0x0000000628000000| Untracked 
| 306|0x0000000628200000, 0x0000000628200000, 0x0000000628400000|  0%| F|  |TAMS 0x0000000628200000, 0x0000000628200000| Untracked 
| 307|0x0000000628400000, 0x0000000628400000, 0x0000000628600000|  0%| F|  |TAMS 0x0000000628400000, 0x0000000628400000| Untracked 
| 308|0x0000000628600000, 0x0000000628600000, 0x0000000628800000|  0%| F|  |TAMS 0x0000000628600000, 0x0000000628600000| Untracked 
| 309|0x0000000628800000, 0x0000000628800000, 0x0000000628a00000|  0%| F|  |TAMS 0x0000000628800000, 0x0000000628800000| Untracked 
| 310|0x0000000628a00000, 0x0000000628a00000, 0x0000000628c00000|  0%| F|  |TAMS 0x0000000628a00000, 0x0000000628a00000| Untracked 
| 311|0x0000000628c00000, 0x0000000628c00000, 0x0000000628e00000|  0%| F|  |TAMS 0x0000000628c00000, 0x0000000628c00000| Untracked 
| 312|0x0000000628e00000, 0x0000000628e00000, 0x0000000629000000|  0%| F|  |TAMS 0x0000000628e00000, 0x0000000628e00000| Untracked 
| 313|0x0000000629000000, 0x0000000629000000, 0x0000000629200000|  0%| F|  |TAMS 0x0000000629000000, 0x0000000629000000| Untracked 
| 314|0x0000000629200000, 0x0000000629200000, 0x0000000629400000|  0%| F|  |TAMS 0x0000000629200000, 0x0000000629200000| Untracked 
| 315|0x0000000629400000, 0x0000000629400000, 0x0000000629600000|  0%| F|  |TAMS 0x0000000629400000, 0x0000000629400000| Untracked 
| 316|0x0000000629600000, 0x0000000629600000, 0x0000000629800000|  0%| F|  |TAMS 0x0000000629600000, 0x0000000629600000| Untracked 
| 317|0x0000000629800000, 0x0000000629800000, 0x0000000629a00000|  0%| F|  |TAMS 0x0000000629800000, 0x0000000629800000| Untracked 
| 318|0x0000000629a00000, 0x0000000629a00000, 0x0000000629c00000|  0%| F|  |TAMS 0x0000000629a00000, 0x0000000629a00000| Untracked 
| 319|0x0000000629c00000, 0x0000000629c00000, 0x0000000629e00000|  0%| F|  |TAMS 0x0000000629c00000, 0x0000000629c00000| Untracked 
| 320|0x0000000629e00000, 0x0000000629e00000, 0x000000062a000000|  0%| F|  |TAMS 0x0000000629e00000, 0x0000000629e00000| Untracked 
| 321|0x000000062a000000, 0x000000062a000000, 0x000000062a200000|  0%| F|  |TAMS 0x000000062a000000, 0x000000062a000000| Untracked 
| 322|0x000000062a200000, 0x000000062a200000, 0x000000062a400000|  0%| F|  |TAMS 0x000000062a200000, 0x000000062a200000| Untracked 
| 323|0x000000062a400000, 0x000000062a400000, 0x000000062a600000|  0%| F|  |TAMS 0x000000062a400000, 0x000000062a400000| Untracked 
| 324|0x000000062a600000, 0x000000062a600000, 0x000000062a800000|  0%| F|  |TAMS 0x000000062a600000, 0x000000062a600000| Untracked 
| 325|0x000000062a800000, 0x000000062a800000, 0x000000062aa00000|  0%| F|  |TAMS 0x000000062a800000, 0x000000062a800000| Untracked 
| 326|0x000000062aa00000, 0x000000062aa00000, 0x000000062ac00000|  0%| F|  |TAMS 0x000000062aa00000, 0x000000062aa00000| Untracked 
| 327|0x000000062ac00000, 0x000000062ac00000, 0x000000062ae00000|  0%| F|  |TAMS 0x000000062ac00000, 0x000000062ac00000| Untracked 
| 328|0x000000062ae00000, 0x000000062ae00000, 0x000000062b000000|  0%| F|  |TAMS 0x000000062ae00000, 0x000000062ae00000| Untracked 
| 329|0x000000062b000000, 0x000000062b000000, 0x000000062b200000|  0%| F|  |TAMS 0x000000062b000000, 0x000000062b000000| Untracked 
| 330|0x000000062b200000, 0x000000062b200000, 0x000000062b400000|  0%| F|  |TAMS 0x000000062b200000, 0x000000062b200000| Untracked 
| 331|0x000000062b400000, 0x000000062b400000, 0x000000062b600000|  0%| F|  |TAMS 0x000000062b400000, 0x000000062b400000| Untracked 
| 332|0x000000062b600000, 0x000000062b600000, 0x000000062b800000|  0%| F|  |TAMS 0x000000062b600000, 0x000000062b600000| Untracked 
| 333|0x000000062b800000, 0x000000062b800000, 0x000000062ba00000|  0%| F|  |TAMS 0x000000062b800000, 0x000000062b800000| Untracked 
| 334|0x000000062ba00000, 0x000000062ba00000, 0x000000062bc00000|  0%| F|  |TAMS 0x000000062ba00000, 0x000000062ba00000| Untracked 
| 335|0x000000062bc00000, 0x000000062bc00000, 0x000000062be00000|  0%| F|  |TAMS 0x000000062bc00000, 0x000000062bc00000| Untracked 
| 336|0x000000062be00000, 0x000000062be00000, 0x000000062c000000|  0%| F|  |TAMS 0x000000062be00000, 0x000000062be00000| Untracked 
| 337|0x000000062c000000, 0x000000062c000000, 0x000000062c200000|  0%| F|  |TAMS 0x000000062c000000, 0x000000062c000000| Untracked 
| 338|0x000000062c200000, 0x000000062c200000, 0x000000062c400000|  0%| F|  |TAMS 0x000000062c200000, 0x000000062c200000| Untracked 
| 339|0x000000062c400000, 0x000000062c400000, 0x000000062c600000|  0%| F|  |TAMS 0x000000062c400000, 0x000000062c400000| Untracked 
| 340|0x000000062c600000, 0x000000062c600000, 0x000000062c800000|  0%| F|  |TAMS 0x000000062c600000, 0x000000062c600000| Untracked 
| 341|0x000000062c800000, 0x000000062c800000, 0x000000062ca00000|  0%| F|  |TAMS 0x000000062c800000, 0x000000062c800000| Untracked 
| 342|0x000000062ca00000, 0x000000062ca00000, 0x000000062cc00000|  0%| F|  |TAMS 0x000000062ca00000, 0x000000062ca00000| Untracked 
| 343|0x000000062cc00000, 0x000000062cc00000, 0x000000062ce00000|  0%| F|  |TAMS 0x000000062cc00000, 0x000000062cc00000| Untracked 
| 344|0x000000062ce00000, 0x000000062ce00000, 0x000000062d000000|  0%| F|  |TAMS 0x000000062ce00000, 0x000000062ce00000| Untracked 
| 345|0x000000062d000000, 0x000000062d000000, 0x000000062d200000|  0%| F|  |TAMS 0x000000062d000000, 0x000000062d000000| Untracked 
| 346|0x000000062d200000, 0x000000062d200000, 0x000000062d400000|  0%| F|  |TAMS 0x000000062d200000, 0x000000062d200000| Untracked 
| 347|0x000000062d400000, 0x000000062d400000, 0x000000062d600000|  0%| F|  |TAMS 0x000000062d400000, 0x000000062d400000| Untracked 
| 348|0x000000062d600000, 0x000000062d600000, 0x000000062d800000|  0%| F|  |TAMS 0x000000062d600000, 0x000000062d600000| Untracked 
| 349|0x000000062d800000, 0x000000062d800000, 0x000000062da00000|  0%| F|  |TAMS 0x000000062d800000, 0x000000062d800000| Untracked 
| 350|0x000000062da00000, 0x000000062da00000, 0x000000062dc00000|  0%| F|  |TAMS 0x000000062da00000, 0x000000062da00000| Untracked 
| 351|0x000000062dc00000, 0x000000062dc00000, 0x000000062de00000|  0%| F|  |TAMS 0x000000062dc00000, 0x000000062dc00000| Untracked 
| 352|0x000000062de00000, 0x000000062de00000, 0x000000062e000000|  0%| F|  |TAMS 0x000000062de00000, 0x000000062de00000| Untracked 
| 353|0x000000062e000000, 0x000000062e000000, 0x000000062e200000|  0%| F|  |TAMS 0x000000062e000000, 0x000000062e000000| Untracked 
| 354|0x000000062e200000, 0x000000062e200000, 0x000000062e400000|  0%| F|  |TAMS 0x000000062e200000, 0x000000062e200000| Untracked 
| 355|0x000000062e400000, 0x000000062e400000, 0x000000062e600000|  0%| F|  |TAMS 0x000000062e400000, 0x000000062e400000| Untracked 
| 356|0x000000062e600000, 0x000000062e600000, 0x000000062e800000|  0%| F|  |TAMS 0x000000062e600000, 0x000000062e600000| Untracked 
| 357|0x000000062e800000, 0x000000062e800000, 0x000000062ea00000|  0%| F|  |TAMS 0x000000062e800000, 0x000000062e800000| Untracked 
| 358|0x000000062ea00000, 0x000000062ea00000, 0x000000062ec00000|  0%| F|  |TAMS 0x000000062ea00000, 0x000000062ea00000| Untracked 
| 359|0x000000062ec00000, 0x000000062ec00000, 0x000000062ee00000|  0%| F|  |TAMS 0x000000062ec00000, 0x000000062ec00000| Untracked 
| 360|0x000000062ee00000, 0x000000062ee00000, 0x000000062f000000|  0%| F|  |TAMS 0x000000062ee00000, 0x000000062ee00000| Untracked 
| 361|0x000000062f000000, 0x000000062f000000, 0x000000062f200000|  0%| F|  |TAMS 0x000000062f000000, 0x000000062f000000| Untracked 
| 362|0x000000062f200000, 0x000000062f200000, 0x000000062f400000|  0%| F|  |TAMS 0x000000062f200000, 0x000000062f200000| Untracked 
| 363|0x000000062f400000, 0x000000062f400000, 0x000000062f600000|  0%| F|  |TAMS 0x000000062f400000, 0x000000062f400000| Untracked 
| 364|0x000000062f600000, 0x000000062f600000, 0x000000062f800000|  0%| F|  |TAMS 0x000000062f600000, 0x000000062f600000| Untracked 
| 365|0x000000062f800000, 0x000000062f800000, 0x000000062fa00000|  0%| F|  |TAMS 0x000000062f800000, 0x000000062f800000| Untracked 
| 366|0x000000062fa00000, 0x000000062fa00000, 0x000000062fc00000|  0%| F|  |TAMS 0x000000062fa00000, 0x000000062fa00000| Untracked 
| 367|0x000000062fc00000, 0x000000062fc00000, 0x000000062fe00000|  0%| F|  |TAMS 0x000000062fc00000, 0x000000062fc00000| Untracked 
| 368|0x000000062fe00000, 0x000000062fe00000, 0x0000000630000000|  0%| F|  |TAMS 0x000000062fe00000, 0x000000062fe00000| Untracked 
| 369|0x0000000630000000, 0x0000000630000000, 0x0000000630200000|  0%| F|  |TAMS 0x0000000630000000, 0x0000000630000000| Untracked 
| 370|0x0000000630200000, 0x0000000630200000, 0x0000000630400000|  0%| F|  |TAMS 0x0000000630200000, 0x0000000630200000| Untracked 
| 371|0x0000000630400000, 0x0000000630400000, 0x0000000630600000|  0%| F|  |TAMS 0x0000000630400000, 0x0000000630400000| Untracked 
| 372|0x0000000630600000, 0x0000000630600000, 0x0000000630800000|  0%| F|  |TAMS 0x0000000630600000, 0x0000000630600000| Untracked 
| 373|0x0000000630800000, 0x0000000630800000, 0x0000000630a00000|  0%| F|  |TAMS 0x0000000630800000, 0x0000000630800000| Untracked 
| 374|0x0000000630a00000, 0x0000000630a00000, 0x0000000630c00000|  0%| F|  |TAMS 0x0000000630a00000, 0x0000000630a00000| Untracked 
| 375|0x0000000630c00000, 0x0000000630c00000, 0x0000000630e00000|  0%| F|  |TAMS 0x0000000630c00000, 0x0000000630c00000| Untracked 
| 376|0x0000000630e00000, 0x0000000630f7a668, 0x0000000631000000| 73%| E|  |TAMS 0x0000000630e00000, 0x0000000630e00000| Complete 
| 377|0x0000000631000000, 0x0000000631200000, 0x0000000631200000|100%| E|CS|TAMS 0x0000000631000000, 0x0000000631000000| Complete 
| 378|0x0000000631200000, 0x0000000631400000, 0x0000000631400000|100%| E|CS|TAMS 0x0000000631200000, 0x0000000631200000| Complete 
| 379|0x0000000631400000, 0x0000000631600000, 0x0000000631600000|100%| E|CS|TAMS 0x0000000631400000, 0x0000000631400000| Complete 
| 380|0x0000000631600000, 0x0000000631800000, 0x0000000631800000|100%| E|CS|TAMS 0x0000000631600000, 0x0000000631600000| Complete 
| 381|0x0000000631800000, 0x0000000631a00000, 0x0000000631a00000|100%| E|CS|TAMS 0x0000000631800000, 0x0000000631800000| Complete 
| 382|0x0000000631a00000, 0x0000000631c00000, 0x0000000631c00000|100%| E|CS|TAMS 0x0000000631a00000, 0x0000000631a00000| Complete 
| 383|0x0000000631c00000, 0x0000000631e00000, 0x0000000631e00000|100%| E|CS|TAMS 0x0000000631c00000, 0x0000000631c00000| Complete 
| 384|0x0000000631e00000, 0x0000000632000000, 0x0000000632000000|100%| E|CS|TAMS 0x0000000631e00000, 0x0000000631e00000| Complete 
| 385|0x0000000632000000, 0x0000000632200000, 0x0000000632200000|100%| E|CS|TAMS 0x0000000632000000, 0x0000000632000000| Complete 
| 386|0x0000000632200000, 0x0000000632400000, 0x0000000632400000|100%| E|CS|TAMS 0x0000000632200000, 0x0000000632200000| Complete 
| 387|0x0000000632400000, 0x0000000632600000, 0x0000000632600000|100%| E|CS|TAMS 0x0000000632400000, 0x0000000632400000| Complete 
| 388|0x0000000632600000, 0x0000000632800000, 0x0000000632800000|100%| E|CS|TAMS 0x0000000632600000, 0x0000000632600000| Complete 
| 389|0x0000000632800000, 0x0000000632a00000, 0x0000000632a00000|100%| E|CS|TAMS 0x0000000632800000, 0x0000000632800000| Complete 
| 390|0x0000000632a00000, 0x0000000632c00000, 0x0000000632c00000|100%| E|CS|TAMS 0x0000000632a00000, 0x0000000632a00000| Complete 
| 391|0x0000000632c00000, 0x0000000632e00000, 0x0000000632e00000|100%| E|CS|TAMS 0x0000000632c00000, 0x0000000632c00000| Complete 
| 392|0x0000000632e00000, 0x0000000633000000, 0x0000000633000000|100%| E|CS|TAMS 0x0000000632e00000, 0x0000000632e00000| Complete 
| 393|0x0000000633000000, 0x0000000633200000, 0x0000000633200000|100%| E|CS|TAMS 0x0000000633000000, 0x0000000633000000| Complete 
| 394|0x0000000633200000, 0x0000000633400000, 0x0000000633400000|100%| E|CS|TAMS 0x0000000633200000, 0x0000000633200000| Complete 
| 395|0x0000000633400000, 0x0000000633600000, 0x0000000633600000|100%| E|CS|TAMS 0x0000000633400000, 0x0000000633400000| Complete 
| 396|0x0000000633600000, 0x0000000633800000, 0x0000000633800000|100%| E|CS|TAMS 0x0000000633600000, 0x0000000633600000| Complete 
| 397|0x0000000633800000, 0x0000000633a00000, 0x0000000633a00000|100%| E|CS|TAMS 0x0000000633800000, 0x0000000633800000| Complete 
| 398|0x0000000633a00000, 0x0000000633c00000, 0x0000000633c00000|100%| E|CS|TAMS 0x0000000633a00000, 0x0000000633a00000| Complete 
| 399|0x0000000633c00000, 0x0000000633e00000, 0x0000000633e00000|100%| E|CS|TAMS 0x0000000633c00000, 0x0000000633c00000| Complete 
| 400|0x0000000633e00000, 0x0000000634000000, 0x0000000634000000|100%| E|CS|TAMS 0x0000000633e00000, 0x0000000633e00000| Complete 
| 401|0x0000000634000000, 0x0000000634200000, 0x0000000634200000|100%| E|CS|TAMS 0x0000000634000000, 0x0000000634000000| Complete 
| 402|0x0000000634200000, 0x0000000634400000, 0x0000000634400000|100%| E|CS|TAMS 0x0000000634200000, 0x0000000634200000| Complete 
| 403|0x0000000634400000, 0x0000000634600000, 0x0000000634600000|100%| E|CS|TAMS 0x0000000634400000, 0x0000000634400000| Complete 
| 404|0x0000000634600000, 0x0000000634800000, 0x0000000634800000|100%| E|CS|TAMS 0x0000000634600000, 0x0000000634600000| Complete 
| 405|0x0000000634800000, 0x0000000634a00000, 0x0000000634a00000|100%| E|CS|TAMS 0x0000000634800000, 0x0000000634800000| Complete 
| 406|0x0000000634a00000, 0x0000000634c00000, 0x0000000634c00000|100%| E|CS|TAMS 0x0000000634a00000, 0x0000000634a00000| Complete 
| 407|0x0000000634c00000, 0x0000000634e00000, 0x0000000634e00000|100%| E|CS|TAMS 0x0000000634c00000, 0x0000000634c00000| Complete 
| 408|0x0000000634e00000, 0x0000000635000000, 0x0000000635000000|100%| E|CS|TAMS 0x0000000634e00000, 0x0000000634e00000| Complete 
| 409|0x0000000635000000, 0x0000000635200000, 0x0000000635200000|100%| E|CS|TAMS 0x0000000635000000, 0x0000000635000000| Complete 
| 410|0x0000000635200000, 0x0000000635400000, 0x0000000635400000|100%| E|CS|TAMS 0x0000000635200000, 0x0000000635200000| Complete 
| 411|0x0000000635400000, 0x0000000635600000, 0x0000000635600000|100%| E|CS|TAMS 0x0000000635400000, 0x0000000635400000| Complete 
| 412|0x0000000635600000, 0x0000000635800000, 0x0000000635800000|100%| E|CS|TAMS 0x0000000635600000, 0x0000000635600000| Complete 
| 413|0x0000000635800000, 0x0000000635a00000, 0x0000000635a00000|100%| E|CS|TAMS 0x0000000635800000, 0x0000000635800000| Complete 
| 414|0x0000000635a00000, 0x0000000635c00000, 0x0000000635c00000|100%| E|CS|TAMS 0x0000000635a00000, 0x0000000635a00000| Complete 
| 415|0x0000000635c00000, 0x0000000635e00000, 0x0000000635e00000|100%| E|CS|TAMS 0x0000000635c00000, 0x0000000635c00000| Complete 

Card table byte_map: [0x00000210afc20000,0x00000210b0c20000] _byte_map_base: 0x00000210acc11000

Marking Bits (Prev, Next): (CMBitMap*) 0x0000021095706eb8, (CMBitMap*) 0x0000021095706ef0
 Prev Bits: [0x00000210b1c20000, 0x00000210b9ba8000)
 Next Bits: [0x00000210b9bb0000, 0x00000210c1b38000)

Polling page: 0x0000021095460000

Metaspace:

Usage:
  Non-class:     79.06 MB capacity,    77.55 MB ( 98%) used,     1.16 MB (  1%) free+waste,   365.25 KB ( <1%) overhead. 
      Class:      9.70 MB capacity,     8.56 MB ( 88%) used,   998.51 KB ( 10%) free+waste,   163.69 KB (  2%) overhead. 
       Both:     88.76 MB capacity,    86.11 MB ( 97%) used,     2.14 MB (  2%) free+waste,   528.94 KB ( <1%) overhead. 

Virtual space:
  Non-class space:       80.00 MB reserved,      79.12 MB ( 99%) committed 
      Class space:        1.00 GB reserved,       9.75 MB ( <1%) committed 
             Both:        1.08 GB reserved,      88.87 MB (  8%) committed 

Chunk freelists:
   Non-Class:  54.00 KB
       Class:  24.00 KB
        Both:  78.00 KB

MaxMetaspaceSize: 17179869184.00 GB
CompressedClassSpaceSize: 1.00 GB
Initial GC threshold: 20.80 MB
Current GC threshold: 132.28 MB
CDS: off

CodeHeap 'non-profiled nmethods': size=120064Kb used=11289Kb max_used=11289Kb free=108775Kb
 bounds [0x00000210a70a0000, 0x00000210a7bb0000, 0x00000210ae5e0000]
CodeHeap 'profiled nmethods': size=120000Kb used=42244Kb max_used=43462Kb free=77755Kb
 bounds [0x000002109fb70000, 0x00000210a25f0000, 0x00000210a70a0000]
CodeHeap 'non-nmethods': size=5696Kb used=2238Kb max_used=2311Kb free=3457Kb
 bounds [0x000002109f5e0000, 0x000002109f850000, 0x000002109fb70000]
 total_blobs=13977 nmethods=12258 adapters=1637
 compilation: enabled
              stopped_count=0, restarted_count=0
 full_count=0

Compilation events (20 events):
Event: 73.638 Thread 0x00000210c4b6a800 14630       4       net.runelite.client.plugins.nightmarezone.NightmareZonePlugin::isInNightmareZone (58 bytes)
Event: 73.656 Thread 0x00000210c4b6e000 14631       3       ac::<init> (80 bytes)
Event: 73.657 Thread 0x00000210c4b6e000 nmethod 14631 0x00000210a121d110 code [0x00000210a121d320, 0x00000210a121d848]
Event: 73.664 Thread 0x00000210c4b6a800 nmethod 14630 0x00000210a7ba2010 code [0x00000210a7ba2260, 0x00000210a7ba3448]
Event: 74.058 Thread 0x00000210c4b6a800 14632       4       rl14::next (5 bytes)
Event: 74.063 Thread 0x00000210c4b6a800 nmethod 14632 0x00000210a7ba4010 code [0x00000210a7ba41c0, 0x00000210a7ba4538]
Event: 74.124 Thread 0x00000210c4b6a800 14633       4       xr::next (143 bytes)
Event: 74.127 Thread 0x00000210c4b6a800 nmethod 14633 0x00000210a7ba4790 code [0x00000210a7ba4920, 0x00000210a7ba4bb8]
Event: 74.139 Thread 0x00000210c4b6a800 14634   !   4       cb::ck (258 bytes)
Event: 74.139 Thread 0x00000210c4b6a800 nmethod 14634 0x00000210a7ba4d10 code [0x00000210a7ba4ea0, 0x00000210a7ba4f38]
Event: 74.140 Thread 0x00000210c4b6a800 14635   !   4       com.sun.proxy.$Proxy138::fontColor (29 bytes)
Event: 74.142 Thread 0x00000210c4b6a800 nmethod 14635 0x00000210a7ba5090 code [0x00000210a7ba5240, 0x00000210a7ba53a8]
Event: 74.295 Thread 0x00000210c4b6e000 14636       3       java.lang.Character::hashCode (8 bytes)
Event: 74.296 Thread 0x00000210c4b6e000 nmethod 14636 0x00000210a1560c10 code [0x00000210a1560dc0, 0x00000210a1560f18]
Event: 74.296 Thread 0x00000210c4b6e000 14637       3       java.lang.Character::hashCode (2 bytes)
Event: 74.296 Thread 0x00000210c4b6e000 nmethod 14637 0x000002109fcfc490 code [0x000002109fcfc640, 0x000002109fcfc718]
Event: 74.388 Thread 0x00000210c4b6a800 14638       4       client::getTextureProvider (5 bytes)
Event: 74.389 Thread 0x00000210c4b6a800 nmethod 14638 0x00000210a7ba5510 code [0x00000210a7ba56a0, 0x00000210a7ba5718]
Event: 75.034 Thread 0x00000210c4b6a800 14639       4       java.util.Collections$3::nextElement (10 bytes)
Event: 75.046 Thread 0x00000210c4b6a800 nmethod 14639 0x00000210a7ba5810 code [0x00000210a7ba59c0, 0x00000210a7ba60d8]

GC Heap History (20 events):
Event: 5.562 GC heap before
{Heap before GC invocations=7 (full 0):
 garbage-first heap   total 524288K, used 94775K [0x0000000601e00000, 0x0000000800000000)
  region size 2048K, 37 young (75776K), 2 survivors (4096K)
 Metaspace       used 47072K, capacity 47959K, committed 48308K, reserved 1093632K
  class space    used 4631K, capacity 5026K, committed 5120K, reserved 1048576K
}
Event: 5.577 GC heap after
{Heap after GC invocations=8 (full 0):
 garbage-first heap   total 524288K, used 27078K [0x0000000601e00000, 0x0000000800000000)
  region size 2048K, 5 young (10240K), 5 survivors (10240K)
 Metaspace       used 47072K, capacity 47959K, committed 48308K, reserved 1093632K
  class space    used 4631K, capacity 5026K, committed 5120K, reserved 1048576K
}
Event: 6.931 GC heap before
{Heap before GC invocations=9 (full 0):
 garbage-first heap   total 524288K, used 115142K [0x0000000601e00000, 0x0000000800000000)
  region size 2048K, 49 young (100352K), 5 survivors (10240K)
 Metaspace       used 56321K, capacity 57317K, committed 57396K, reserved 1099776K
  class space    used 5788K, capacity 6219K, committed 6272K, reserved 1048576K
}
Event: 6.964 GC heap after
{Heap after GC invocations=10 (full 0):
 garbage-first heap   total 630784K, used 61244K [0x0000000601e00000, 0x0000000800000000)
  region size 2048K, 7 young (14336K), 7 survivors (14336K)
 Metaspace       used 56321K, capacity 57317K, committed 57396K, reserved 1099776K
  class space    used 5788K, capacity 6219K, committed 6272K, reserved 1048576K
}
Event: 8.322 GC heap before
{Heap before GC invocations=10 (full 0):
 garbage-first heap   total 630784K, used 165692K [0x0000000601e00000, 0x0000000800000000)
  region size 2048K, 59 young (120832K), 7 survivors (14336K)
 Metaspace       used 63260K, capacity 64585K, committed 64692K, reserved 1107968K
  class space    used 6572K, capacity 7138K, committed 7168K, reserved 1048576K
}
Event: 8.365 GC heap after
{Heap after GC invocations=11 (full 0):
 garbage-first heap   total 630784K, used 122880K [0x0000000601e00000, 0x0000000800000000)
  region size 2048K, 8 young (16384K), 8 survivors (16384K)
 Metaspace       used 63260K, capacity 64585K, committed 64692K, reserved 1107968K
  class space    used 6572K, capacity 7138K, committed 7168K, reserved 1048576K
}
Event: 9.107 GC heap before
{Heap before GC invocations=11 (full 0):
 garbage-first heap   total 630784K, used 241664K [0x0000000601e00000, 0x0000000800000000)
  region size 2048K, 65 young (133120K), 8 survivors (16384K)
 Metaspace       used 64709K, capacity 66113K, committed 66484K, reserved 1107968K
  class space    used 6704K, capacity 7299K, committed 7424K, reserved 1048576K
}
Event: 9.150 GC heap after
{Heap after GC invocations=12 (full 0):
 garbage-first heap   total 630784K, used 225280K [0x0000000601e00000, 0x0000000800000000)
  region size 2048K, 9 young (18432K), 9 survivors (18432K)
 Metaspace       used 64709K, capacity 66113K, committed 66484K, reserved 1107968K
  class space    used 6704K, capacity 7299K, committed 7424K, reserved 1048576K
}
Event: 10.642 GC heap before
{Heap before GC invocations=12 (full 0):
 garbage-first heap   total 630784K, used 339968K [0x0000000601e00000, 0x0000000800000000)
  region size 2048K, 58 young (118784K), 9 survivors (18432K)
 Metaspace       used 70128K, capacity 72198K, committed 72500K, reserved 1114112K
  class space    used 7388K, capacity 8258K, committed 8320K, reserved 1048576K
}
Event: 10.666 GC heap after
{Heap after GC invocations=13 (full 0):
 garbage-first heap   total 630784K, used 257024K [0x0000000601e00000, 0x0000000800000000)
  region size 2048K, 8 young (16384K), 8 survivors (16384K)
 Metaspace       used 70128K, capacity 72198K, committed 72500K, reserved 1114112K
  class space    used 7388K, capacity 8258K, committed 8320K, reserved 1048576K
}
Event: 13.433 GC heap before
{Heap before GC invocations=13 (full 0):
 garbage-first heap   total 630784K, used 400384K [0x0000000601e00000, 0x0000000800000000)
  region size 2048K, 71 young (145408K), 8 survivors (16384K)
 Metaspace       used 77279K, capacity 79765K, committed 79924K, reserved 1120256K
  class space    used 8284K, capacity 9316K, committed 9344K, reserved 1048576K
}
Event: 13.472 GC heap after
{Heap after GC invocations=14 (full 0):
 garbage-first heap   total 851968K, used 287744K [0x0000000601e00000, 0x0000000800000000)
  region size 2048K, 9 young (18432K), 9 survivors (18432K)
 Metaspace       used 77279K, capacity 79765K, committed 79924K, reserved 1120256K
  class space    used 8284K, capacity 9316K, committed 9344K, reserved 1048576K
}
Event: 13.760 GC heap before
{Heap before GC invocations=14 (full 0):
 garbage-first heap   total 851968K, used 300032K [0x0000000601e00000, 0x0000000800000000)
  region size 2048K, 16 young (32768K), 9 survivors (18432K)
 Metaspace       used 78193K, capacity 80695K, committed 80820K, reserved 1120256K
  class space    used 8350K, capacity 9410K, committed 9472K, reserved 1048576K
}
Event: 13.781 GC heap after
{Heap after GC invocations=15 (full 0):
 garbage-first heap   total 851968K, used 291270K [0x0000000601e00000, 0x0000000800000000)
  region size 2048K, 3 young (6144K), 3 survivors (6144K)
 Metaspace       used 78193K, capacity 80695K, committed 80820K, reserved 1120256K
  class space    used 8350K, capacity 9410K, committed 9472K, reserved 1048576K
}
Event: 27.536 GC heap before
{Heap before GC invocations=16 (full 0):
 garbage-first heap   total 851968K, used 379334K [0x0000000601e00000, 0x0000000800000000)
  region size 2048K, 82 young (167936K), 3 survivors (6144K)
 Metaspace       used 82111K, capacity 84777K, committed 84984K, reserved 1124352K
  class space    used 8503K, capacity 9598K, committed 9600K, reserved 1048576K
}
Event: 27.573 GC heap after
{Heap after GC invocations=17 (full 0):
 garbage-first heap   total 851968K, used 248668K [0x0000000601e00000, 0x0000000800000000)
  region size 2048K, 11 young (22528K), 11 survivors (22528K)
 Metaspace       used 82111K, capacity 84777K, committed 84984K, reserved 1124352K
  class space    used 8503K, capacity 9598K, committed 9600K, reserved 1048576K
}
Event: 27.839 GC heap before
{Heap before GC invocations=17 (full 0):
 garbage-first heap   total 851968K, used 267100K [0x0000000601e00000, 0x0000000800000000)
  region size 2048K, 20 young (40960K), 11 survivors (22528K)
 Metaspace       used 82219K, capacity 84841K, committed 84984K, reserved 1124352K
  class space    used 8503K, capacity 9598K, committed 9600K, reserved 1048576K
}
Event: 27.856 GC heap after
{Heap after GC invocations=18 (full 0):
 garbage-first heap   total 851968K, used 249856K [0x0000000601e00000, 0x0000000800000000)
  region size 2048K, 3 young (6144K), 3 survivors (6144K)
 Metaspace       used 82219K, capacity 84841K, committed 84984K, reserved 1124352K
  class space    used 8503K, capacity 9598K, committed 9600K, reserved 1048576K
}
Event: 56.275 GC heap before
{Heap before GC invocations=18 (full 0):
 garbage-first heap   total 851968K, used 561152K [0x0000000601e00000, 0x0000000800000000)
  region size 2048K, 132 young (270336K), 3 survivors (6144K)
 Metaspace       used 88140K, capacity 90884K, committed 91000K, reserved 1130496K
  class space    used 8763K, capacity 9926K, committed 9984K, reserved 1048576K
}
Event: 56.290 GC heap after
{Heap after GC invocations=19 (full 0):
 garbage-first heap   total 851968K, used 317440K [0x0000000601e00000, 0x0000000800000000)
  region size 2048K, 13 young (26624K), 13 survivors (26624K)
 Metaspace       used 88140K, capacity 90884K, committed 91000K, reserved 1130496K
  class space    used 8763K, capacity 9926K, committed 9984K, reserved 1048576K
}

Deoptimization events (20 events):
Event: 75.033 Thread 0x00000210cb58c800 Uncommon trap: trap_request=0xffffffde fr.pc=0x00000210a745c31c relative=0x00000000000001fc
Event: 75.033 Thread 0x00000210cb58c800 Uncommon trap: reason=class_check action=maybe_recompile pc=0x00000210a745c31c method=java.util.Collections$3.nextElement()Ljava/lang/Object; @ 4 c2
Event: 75.033 Thread 0x00000210cb58c800 DEOPT PACKING pc=0x00000210a745c31c sp=0x00000085b7fff440
Event: 75.033 Thread 0x00000210cb58c800 DEOPT UNPACKING pc=0x000002109f62a1af sp=0x00000085b7fff410 mode 2
Event: 75.033 Thread 0x00000210cb58c800 Uncommon trap: trap_request=0xffffffde fr.pc=0x00000210a79c5418 relative=0x0000000000000078
Event: 75.033 Thread 0x00000210cb58c800 Uncommon trap: reason=class_check action=maybe_recompile pc=0x00000210a79c5418 method=java.util.Collections$3.hasMoreElements()Z @ 4 c2
Event: 75.033 Thread 0x00000210cb58c800 DEOPT PACKING pc=0x00000210a79c5418 sp=0x00000085b7fff470
Event: 75.033 Thread 0x00000210cb58c800 DEOPT UNPACKING pc=0x000002109f62a1af sp=0x00000085b7fff410 mode 2
Event: 75.033 Thread 0x00000210cb58c800 Uncommon trap: trap_request=0xffffffde fr.pc=0x00000210a745c31c relative=0x00000000000001fc
Event: 75.033 Thread 0x00000210cb58c800 Uncommon trap: reason=class_check action=maybe_recompile pc=0x00000210a745c31c method=java.util.Collections$3.nextElement()Ljava/lang/Object; @ 4 c2
Event: 75.033 Thread 0x00000210cb58c800 DEOPT PACKING pc=0x00000210a745c31c sp=0x00000085b7fff440
Event: 75.033 Thread 0x00000210cb58c800 DEOPT UNPACKING pc=0x000002109f62a1af sp=0x00000085b7fff410 mode 2
Event: 75.033 Thread 0x00000210cb58c800 Uncommon trap: trap_request=0xffffffde fr.pc=0x00000210a79c5418 relative=0x0000000000000078
Event: 75.033 Thread 0x00000210cb58c800 Uncommon trap: reason=class_check action=maybe_recompile pc=0x00000210a79c5418 method=java.util.Collections$3.hasMoreElements()Z @ 4 c2
Event: 75.033 Thread 0x00000210cb58c800 DEOPT PACKING pc=0x00000210a79c5418 sp=0x00000085b7fff470
Event: 75.033 Thread 0x00000210cb58c800 DEOPT UNPACKING pc=0x000002109f62a1af sp=0x00000085b7fff410 mode 2
Event: 75.033 Thread 0x00000210cb58c800 Uncommon trap: trap_request=0xffffffde fr.pc=0x00000210a745c31c relative=0x00000000000001fc
Event: 75.033 Thread 0x00000210cb58c800 Uncommon trap: reason=class_check action=maybe_recompile pc=0x00000210a745c31c method=java.util.Collections$3.nextElement()Ljava/lang/Object; @ 4 c2
Event: 75.033 Thread 0x00000210cb58c800 DEOPT PACKING pc=0x00000210a745c31c sp=0x00000085b7fff440
Event: 75.033 Thread 0x00000210cb58c800 DEOPT UNPACKING pc=0x000002109f62a1af sp=0x00000085b7fff410 mode 2

Classes redefined (0 events):
No events

Internal exceptions (20 events):
Event: 31.061 Thread 0x00000210c69d6000 Exception <a 'java/lang/IncompatibleClassChangeError'{0x000000063029ca78}: Found class java.lang.Object, but interface was expected> (0x000000063029ca78) thrown at [s\src\hotspot\share\interpreter\linkResolver.cpp, line 839]
Event: 31.061 Thread 0x00000210c69d6000 Exception <a 'java/lang/IncompatibleClassChangeError'{0x000000063029f278}: Found class java.lang.Object, but interface was expected> (0x000000063029f278) thrown at [s\src\hotspot\share\interpreter\linkResolver.cpp, line 839]
Event: 31.062 Thread 0x00000210c69d6000 Exception <a 'java/lang/IncompatibleClassChangeError'{0x00000006302a1a70}: Found class java.lang.Object, but interface was expected> (0x00000006302a1a70) thrown at [s\src\hotspot\share\interpreter\linkResolver.cpp, line 839]
Event: 31.062 Thread 0x00000210c69d6000 Exception <a 'java/lang/IncompatibleClassChangeError'{0x00000006302a4260}: Found class java.lang.Object, but interface was expected> (0x00000006302a4260) thrown at [s\src\hotspot\share\interpreter\linkResolver.cpp, line 839]
Event: 31.063 Thread 0x00000210c69d6000 Exception <a 'java/lang/IncompatibleClassChangeError'{0x00000006302a6a58}: Found class java.lang.Object, but interface was expected> (0x00000006302a6a58) thrown at [s\src\hotspot\share\interpreter\linkResolver.cpp, line 839]
Event: 31.063 Thread 0x00000210c69d6000 Exception <a 'java/lang/IncompatibleClassChangeError'{0x00000006302a9258}: Found class java.lang.Object, but interface was expected> (0x00000006302a9258) thrown at [s\src\hotspot\share\interpreter\linkResolver.cpp, line 839]
Event: 31.063 Thread 0x00000210c69d6000 Exception <a 'java/lang/IncompatibleClassChangeError'{0x00000006302aba50}: Found class java.lang.Object, but interface was expected> (0x00000006302aba50) thrown at [s\src\hotspot\share\interpreter\linkResolver.cpp, line 839]
Event: 31.063 Thread 0x00000210c69d6000 Exception <a 'java/lang/IncompatibleClassChangeError'{0x00000006302ae250}: Found class java.lang.Object, but interface was expected> (0x00000006302ae250) thrown at [s\src\hotspot\share\interpreter\linkResolver.cpp, line 839]
Event: 31.851 Thread 0x00000210c69df800 Exception <a 'java/net/SocketTimeoutException'{0x000000062ed03428}: Read timed out> (0x000000062ed03428) thrown at [s\src\hotspot\share\prims\jni.cpp, line 638]
Event: 35.637 Thread 0x00000210c5e65000 Exception <a 'java/lang/NoSuchMethodError'{0x000000062bf19100}: 'java.lang.Object java.lang.invoke.DirectMethodHandle$Holder.invokeStatic(java.lang.Object, int, java.lang.Object, java.lang.Object)'> (0x000000062bf19100) thrown at [s\src\hotspot\share\interpreter\linkResolver.cpp, line 773]
Event: 35.724 Thread 0x00000210c5e65000 Exception <a 'java/lang/IncompatibleClassChangeError'{0x000000062b4582b8}: Found class java.lang.Object, but interface was expected> (0x000000062b4582b8) thrown at [s\src\hotspot\share\interpreter\linkResolver.cpp, line 839]
Event: 36.318 Thread 0x00000210c69d9000 Exception <a 'java/net/SocketTimeoutException'{0x000000062b100838}: Read timed out> (0x000000062b100838) thrown at [s\src\hotspot\share\prims\jni.cpp, line 638]
Event: 36.487 Thread 0x00000210c5e65000 Exception <a 'java/lang/NoSuchMethodError'{0x000000062ae0b8f0}: 'java.lang.Object java.lang.invoke.DirectMethodHandle$Holder.invokeSpecial(java.lang.Object, java.lang.Object, java.lang.Object, java.lang.Object, java.lang.Object, int, int, int)'> (0x000000062ae0b8f0) thrown at [s\src\hotspot\share\interpreter\linkResolver.cpp, line 773]
Event: 41.056 Thread 0x00000210c69d6000 Implicit null exception at 0x00000210a74d0c33 to 0x00000210a74d1054
Event: 47.393 Thread 0x00000210c5e65000 Implicit null exception at 0x00000210a7a39272 to 0x00000210a7a394ac
Event: 51.838 Thread 0x00000210c69d6000 Implicit null exception at 0x00000210a7687ba8 to 0x00000210a7687bcf
Event: 56.294 Thread 0x00000210c69d6000 Implicit null exception at 0x00000210a7b37282 to 0x00000210a7b3b524
Event: 56.712 Thread 0x00000210c69d6000 Implicit null exception at 0x00000210a7b2ba02 to 0x00000210a7b30e88
Event: 57.593 Thread 0x00000210c69d6000 Implicit null exception at 0x00000210a7b2ba89 to 0x00000210a7b30e88
Event: 68.038 Thread 0x00000210c69d6000 Implicit null exception at 0x00000210a7687ba8 to 0x00000210a7687bcf

Events (20 events):
Event: 75.030 Executing VM operation: RevokeBias
Event: 75.030 Executing VM operation: RevokeBias done
Event: 75.030 Executing VM operation: RevokeBias
Event: 75.030 Executing VM operation: RevokeBias done
Event: 75.030 Executing VM operation: RevokeBias
Event: 75.030 Executing VM operation: RevokeBias done
Event: 75.030 Executing VM operation: BulkRevokeBias
Event: 75.030 Executing VM operation: BulkRevokeBias done
Event: 75.030 Executing VM operation: BulkRevokeBias
Event: 75.031 Executing VM operation: BulkRevokeBias done
Event: 75.034 Thread 0x00000210cb58c800 Thread exited: 0x00000210cb58c800
Event: 75.034 Executing VM operation: RevokeBias
Event: 75.035 Executing VM operation: RevokeBias done
Event: 75.035 Thread 0x00000210cb593000 Thread exited: 0x00000210cb593000
Event: 75.035 Executing VM operation: RevokeBias
Event: 75.035 Executing VM operation: RevokeBias done
Event: 75.038 Thread 0x00000210cb592000 Thread exited: 0x00000210cb592000
Event: 75.075 Executing VM operation: RevokeBias
Event: 75.075 Executing VM operation: RevokeBias done
Event: 75.075 Thread 0x00000210c5fef000 Thread exited: 0x00000210c5fef000


Dynamic libraries:
0x00007ff6d55c0000 - 0x00007ff6d55ce000 	C:\Program Files\Eclipse Adoptium\jdk-11.0.28.6-hotspot\bin\java.exe
0x00007ff8ca310000 - 0x00007ff8ca508000 	C:\Windows\SYSTEM32\ntdll.dll
0x00007ff8c9200000 - 0x00007ff8c92c2000 	C:\Windows\System32\KERNEL32.DLL
0x00007ff8c7cf0000 - 0x00007ff8c7fe6000 	C:\Windows\System32\KERNELBASE.dll
0x00007ff8c79a0000 - 0x00007ff8c7aa0000 	C:\Windows\System32\ucrtbase.dll
0x00007ff8af370000 - 0x00007ff8af38e000 	C:\Program Files\Eclipse Adoptium\jdk-11.0.28.6-hotspot\bin\VCRUNTIME140.dll
0x00007ff8c2e30000 - 0x00007ff8c2e47000 	C:\Program Files\Eclipse Adoptium\jdk-11.0.28.6-hotspot\bin\jli.dll
0x00007ff8c97b0000 - 0x00007ff8c9951000 	C:\Windows\System32\USER32.dll
0x00007ff8c8280000 - 0x00007ff8c82a2000 	C:\Windows\System32\win32u.dll
0x00007ff8a8180000 - 0x00007ff8a841b000 	C:\Windows\WinSxS\amd64_microsoft.windows.common-controls_6595b64144ccf1df_6.0.19041.6456_none_60b8a6cb71f64256\COMCTL32.dll
0x00007ff8c9a00000 - 0x00007ff8c9a2b000 	C:\Windows\System32\GDI32.dll
0x00007ff8c9b90000 - 0x00007ff8c9c2e000 	C:\Windows\System32\msvcrt.dll
0x00007ff8c80b0000 - 0x00007ff8c81c9000 	C:\Windows\System32\gdi32full.dll
0x00007ff8c7c50000 - 0x00007ff8c7ced000 	C:\Windows\System32\msvcp_win.dll
0x00007ff8c9b60000 - 0x00007ff8c9b8f000 	C:\Windows\System32\IMM32.DLL
0x00007ff8b4fb0000 - 0x00007ff8b4fbc000 	C:\Program Files\Eclipse Adoptium\jdk-11.0.28.6-hotspot\bin\vcruntime140_1.dll
0x00007ff8abf80000 - 0x00007ff8ac00d000 	C:\Program Files\Eclipse Adoptium\jdk-11.0.28.6-hotspot\bin\msvcp140.dll
0x00007ff85c4f0000 - 0x00007ff85d0b3000 	C:\Program Files\Eclipse Adoptium\jdk-11.0.28.6-hotspot\bin\server\jvm.dll
0x00007ff8c9630000 - 0x00007ff8c96e1000 	C:\Windows\System32\ADVAPI32.dll
0x00007ff8c9960000 - 0x00007ff8c99ff000 	C:\Windows\System32\sechost.dll
0x00007ff8c9c50000 - 0x00007ff8c9d70000 	C:\Windows\System32\RPCRT4.dll
0x00007ff8c7ff0000 - 0x00007ff8c8017000 	C:\Windows\System32\bcrypt.dll
0x00007ff8c8fd0000 - 0x00007ff8c903b000 	C:\Windows\System32\WS2_32.dll
0x00007ff8c96f0000 - 0x00007ff8c96f8000 	C:\Windows\System32\PSAPI.DLL
0x00007ff8972a0000 - 0x00007ff8972c7000 	C:\Windows\SYSTEM32\WINMM.dll
0x00007ff8c29d0000 - 0x00007ff8c29da000 	C:\Windows\SYSTEM32\VERSION.dll
0x00007ff8c5810000 - 0x00007ff8c5822000 	C:\Windows\SYSTEM32\kernel.appcore.dll
0x00007ff8af360000 - 0x00007ff8af370000 	C:\Program Files\Eclipse Adoptium\jdk-11.0.28.6-hotspot\bin\verify.dll
0x00007ff8b4a80000 - 0x00007ff8b4c81000 	C:\Windows\SYSTEM32\DBGHELP.DLL
0x00007ff8b0280000 - 0x00007ff8b02b4000 	C:\Windows\SYSTEM32\dbgcore.DLL
0x00007ff8c8020000 - 0x00007ff8c80a2000 	C:\Windows\System32\bcryptPrimitives.dll
0x00007ff8af1c0000 - 0x00007ff8af1e8000 	C:\Program Files\Eclipse Adoptium\jdk-11.0.28.6-hotspot\bin\java.dll
0x00007ff8af350000 - 0x00007ff8af35a000 	C:\Program Files\Eclipse Adoptium\jdk-11.0.28.6-hotspot\bin\jimage.dll
0x00007ff8aef20000 - 0x00007ff8aef59000 	C:\Program Files\Eclipse Adoptium\jdk-11.0.28.6-hotspot\bin\jdwp.dll
0x00007ff8af1a0000 - 0x00007ff8af1b8000 	C:\Program Files\Eclipse Adoptium\jdk-11.0.28.6-hotspot\bin\zip.dll
0x00007ff8c84c0000 - 0x00007ff8c8c30000 	C:\Windows\System32\SHELL32.dll
0x00007ff8c5a10000 - 0x00007ff8c61b5000 	C:\Windows\SYSTEM32\windows.storage.dll
0x00007ff8c92d0000 - 0x00007ff8c9624000 	C:\Windows\System32\combase.dll
0x00007ff8c7360000 - 0x00007ff8c738b000 	C:\Windows\SYSTEM32\Wldp.dll
0x00007ff8c9a30000 - 0x00007ff8c9afd000 	C:\Windows\System32\OLEAUT32.dll
0x00007ff8c9700000 - 0x00007ff8c97ad000 	C:\Windows\System32\SHCORE.dll
0x00007ff8c8450000 - 0x00007ff8c84ab000 	C:\Windows\System32\shlwapi.dll
0x00007ff8c78d0000 - 0x00007ff8c78f4000 	C:\Windows\SYSTEM32\profapi.dll
0x00007ff8af340000 - 0x00007ff8af34b000 	C:\Program Files\Eclipse Adoptium\jdk-11.0.28.6-hotspot\bin\dt_socket.dll
0x00007ff8c70c0000 - 0x00007ff8c712a000 	C:\Windows\System32\mswsock.dll
0x00007ff8c6de0000 - 0x00007ff8c6eaa000 	C:\Windows\SYSTEM32\DNSAPI.dll
0x00007ff8c6da0000 - 0x00007ff8c6ddb000 	C:\Windows\SYSTEM32\IPHLPAPI.DLL
0x00007ff8c9170000 - 0x00007ff8c9178000 	C:\Windows\System32\NSI.dll
0x000000006f6b0000 - 0x000000006f6d6000 	C:\Program Files\Bonjour\mdnsNSP.dll
0x00007ff8ad530000 - 0x00007ff8ad5b0000 	C:\Windows\System32\fwpuclnt.dll
0x00007ff8af8d0000 - 0x00007ff8af8da000 	C:\Windows\System32\rasadhlp.dll
0x00007ff8aef00000 - 0x00007ff8aef19000 	C:\Program Files\Eclipse Adoptium\jdk-11.0.28.6-hotspot\bin\net.dll
0x00007ff8ba0e0000 - 0x00007ff8ba1ea000 	C:\Windows\SYSTEM32\WINHTTP.dll
0x00007ff8aeea0000 - 0x00007ff8aeeb3000 	C:\Program Files\Eclipse Adoptium\jdk-11.0.28.6-hotspot\bin\nio.dll
0x00007ff8ae760000 - 0x00007ff8ae787000 	C:\Program Files\Eclipse Adoptium\jdk-11.0.28.6-hotspot\bin\sunec.dll
0x00007ff8aec40000 - 0x00007ff8aec4e000 	C:\Program Files\Eclipse Adoptium\jdk-11.0.28.6-hotspot\bin\sunmscapi.dll
0x00007ff8c7af0000 - 0x00007ff8c7c4d000 	C:\Windows\System32\CRYPT32.dll
0x00007ff8c73d0000 - 0x00007ff8c73f7000 	C:\Windows\SYSTEM32\ncrypt.dll
0x00007ff8c7390000 - 0x00007ff8c73cb000 	C:\Windows\SYSTEM32\NTASN1.dll
0x00007ff8c74f0000 - 0x00007ff8c7502000 	C:\Windows\SYSTEM32\MSASN1.dll
0x00007ff8c72b0000 - 0x00007ff8c72c8000 	C:\Windows\SYSTEM32\CRYPTSP.dll
0x00007ff8c6970000 - 0x00007ff8c69a8000 	C:\Windows\system32\rsaenh.dll
0x00007ff8c72d0000 - 0x00007ff8c72dc000 	C:\Windows\SYSTEM32\CRYPTBASE.dll
0x00007ff8c61d0000 - 0x00007ff8c61f3000 	C:\Windows\SYSTEM32\gpapi.dll
0x00007ff8c7850000 - 0x00007ff8c787e000 	C:\Windows\SYSTEM32\USERENV.dll
0x00007ff8be230000 - 0x00007ff8be247000 	C:\Windows\SYSTEM32\dhcpcsvc6.DLL
0x00007ff8bfff0000 - 0x00007ff8c000d000 	C:\Windows\SYSTEM32\dhcpcsvc.DLL
0x00007ff8a9550000 - 0x00007ff8a96d2000 	C:\Program Files\Eclipse Adoptium\jdk-11.0.28.6-hotspot\bin\awt.dll
0x00007ff8c4d30000 - 0x00007ff8c4dc4000 	C:\Windows\SYSTEM32\apphelp.dll
0x00007ff8c5300000 - 0x00007ff8c539e000 	C:\Windows\system32\uxtheme.dll
0x00007ff8c8330000 - 0x00007ff8c8445000 	C:\Windows\System32\MSCTF.dll
0x00007ff8c9040000 - 0x00007ff8c916b000 	C:\Windows\System32\ole32.dll
0x00007ff8c5410000 - 0x00007ff8c543e000 	C:\Windows\system32\DWMAPI.DLL
0x00007ff876ec0000 - 0x00007ff876fe8000 	C:\Windows\system32\opengl32.dll
0x00007ff879ea0000 - 0x00007ff879ecc000 	C:\Windows\SYSTEM32\GLU32.dll
0x00007ff8ac150000 - 0x00007ff8ac1d7000 	C:\Program Files\Eclipse Adoptium\jdk-11.0.28.6-hotspot\bin\freetype.dll
0x00007ff8a9460000 - 0x00007ff8a9542000 	C:\Program Files\Eclipse Adoptium\jdk-11.0.28.6-hotspot\bin\fontmanager.dll
0x00007ff8b3920000 - 0x00007ff8b3a19000 	C:\Windows\SYSTEM32\textinputframework.dll
0x00007ff8c4410000 - 0x00007ff8c476b000 	C:\Windows\System32\CoreUIComponents.dll
0x00007ff8c4770000 - 0x00007ff8c4862000 	C:\Windows\System32\CoreMessaging.dll
0x00007ff8c6bc0000 - 0x00007ff8c6bf3000 	C:\Windows\SYSTEM32\ntmarta.dll
0x00007ff8c2e50000 - 0x00007ff8c2fa7000 	C:\Windows\SYSTEM32\wintypes.dll
0x00007ff87c530000 - 0x00007ff87c596000 	C:\Windows\system32\Oleacc.dll
0x00007ff8ac140000 - 0x00007ff8ac14a000 	C:\Program Files\Eclipse Adoptium\jdk-11.0.28.6-hotspot\bin\management.dll
0x00007ff8ac130000 - 0x00007ff8ac13b000 	C:\Program Files\Eclipse Adoptium\jdk-11.0.28.6-hotspot\bin\management_ext.dll
0x00007ff8ac0e0000 - 0x00007ff8ac124000 	C:\Users\Faisal\AppData\Local\Temp\jna-2096863792\jna5244715321815461353.dll
0x00007ff8a93c0000 - 0x00007ff8a945c000 	C:\Users\Faisal\AppData\Local\Temp\jna-2096863792\jna6940004532767215299.dll
0x00007ff8ac0c0000 - 0x00007ff8ac0d2000 	C:\Program Files\Eclipse Adoptium\jdk-11.0.28.6-hotspot\bin\jsound.dll
0x00007ff870e30000 - 0x00007ff870ecc000 	C:\Windows\SYSTEM32\DSOUND.dll
0x00007ff8c7750000 - 0x00007ff8c779b000 	C:\Windows\SYSTEM32\powrprof.dll
0x00007ff87a0a0000 - 0x00007ff87a0c6000 	C:\Windows\SYSTEM32\winmmbase.dll
0x00007ff8c7730000 - 0x00007ff8c7742000 	C:\Windows\SYSTEM32\UMPDC.dll
0x00007ff8c8d10000 - 0x00007ff8c8db9000 	C:\Windows\System32\clbcatq.dll
0x00007ff8b9680000 - 0x00007ff8b9705000 	C:\Windows\System32\MMDevApi.dll
0x00007ff8c76c0000 - 0x00007ff8c76f3000 	C:\Windows\System32\DEVOBJ.dll
0x00007ff8c7aa0000 - 0x00007ff8c7aee000 	C:\Windows\System32\cfgmgr32.dll
0x00007ff8ab3a0000 - 0x00007ff8ab3e6000 	C:\Windows\SYSTEM32\wdmaud.drv
0x00007ff888400000 - 0x00007ff888409000 	C:\Windows\SYSTEM32\ksuser.dll
0x00007ff8c2480000 - 0x00007ff8c248a000 	C:\Windows\SYSTEM32\AVRT.dll
0x00007ff8b9710000 - 0x00007ff8b9891000 	C:\Windows\SYSTEM32\AUDIOSES.DLL
0x00007ff8c27a0000 - 0x00007ff8c27ad000 	C:\Windows\SYSTEM32\msacm32.drv
0x00007ff865f50000 - 0x00007ff865f6e000 	C:\Windows\SYSTEM32\MSACM32.dll
0x00007ff8c2780000 - 0x00007ff8c278b000 	C:\Windows\SYSTEM32\midimap.dll
0x00007ff8a8e80000 - 0x00007ff8a8f02000 	C:\Program Files\Eclipse Adoptium\jdk-11.0.28.6-hotspot\bin\mlib_image.dll
0x00007ff8c5440000 - 0x00007ff8c5454000 	C:\Windows\SYSTEM32\resourcepolicyclient.dll
0x00007ff8b3a20000 - 0x00007ff8b3b5f000 	C:\Windows\System32\Windows.UI.dll
0x00007ff8c1fd0000 - 0x00007ff8c2071000 	C:\Windows\System32\WindowManagementAPI.dll
0x00007ff8b37c0000 - 0x00007ff8b3912000 	C:\Windows\System32\InputHost.dll
0x00007ff8c1dc0000 - 0x00007ff8c1fc3000 	C:\Windows\SYSTEM32\twinapi.appcore.dll
0x00007ff8c4b00000 - 0x00007ff8c4bf4000 	C:\Windows\System32\PROPSYS.dll
0x00007ff8ac0b0000 - 0x00007ff8ac0b6000 	C:\Users\Faisal\AppData\Local\Temp\flatlaf.temp\flatlaf-windows-x86_64-1035881215871000.dll
0x00007ff8ac0a0000 - 0x00007ff8ac0a7000 	C:\Program Files\Eclipse Adoptium\jdk-11.0.28.6-hotspot\bin\jawt.dll
0x00007ff8ba270000 - 0x00007ff8ba27b000 	C:\Windows\SYSTEM32\WINNSI.DLL
0x00007ff8abf50000 - 0x00007ff8abf77000 	C:\Users\Faisal\AppData\Local\Temp\6179108844726200146rlawt.dll
0x00007ff8c50c0000 - 0x00007ff8c5276000 	C:\Windows\SYSTEM32\WindowsCodecs.dll
0x00007ff875190000 - 0x00007ff8751ce000 	C:\Windows\system32\dataexchange.dll
0x00007ff8c3440000 - 0x00007ff8c36a4000 	C:\Windows\system32\d3d11.dll
0x00007ff8c3d50000 - 0x00007ff8c3f34000 	C:\Windows\system32\dcomp.dll
0x00007ff8c6220000 - 0x00007ff8c6316000 	C:\Windows\system32\dxgi.dll
0x00007ff8ac090000 - 0x00007ff8ac099000 	C:\Program Files\Eclipse Adoptium\jdk-11.0.28.6-hotspot\bin\prefs.dll
0x00007ff8abe90000 - 0x00007ff8abebe000 	C:\Program Files\Eclipse Adoptium\jdk-11.0.28.6-hotspot\bin\javajpeg.dll
0x00007ff8a9b70000 - 0x00007ff8a9b97000 	C:\Users\Faisal\AppData\Local\Temp\10268784417365527649rlicn_amd64.dll
0x00007ff8c4c20000 - 0x00007ff8c4cce000 	C:\Windows\SYSTEM32\mscms.dll
0x00007ff8c4c00000 - 0x00007ff8c4c11000 	C:\Windows\SYSTEM32\ColorAdapterClient.dll
0x00007ff8ab350000 - 0x00007ff8ab395000 	C:\Windows\SYSTEM32\icm32.dll
0x00007ff8c0140000 - 0x00007ff8c0246000 	C:\Windows\System32\AppXDeploymentClient.dll
0x00007ff85b440000 - 0x00007ff85c4ec000 	C:\Windows\System32\DriverStore\FileRepository\iigd_dch.inf_amd64_4e41a1e74551d4db\ig9icd64.dll
0x00007ff8a7320000 - 0x00007ff8a744c000 	C:\Windows\System32\DriverStore\FileRepository\iigd_dch.inf_amd64_4e41a1e74551d4db\igdml64.dll

dbghelp: loaded successfully - version: 4.0.5 - missing functions: none
symbol engine: initialized successfully - sym options: 0x614 - pdb path: .;C:\Program Files\Eclipse Adoptium\jdk-11.0.28.6-hotspot\bin;C:\Windows\SYSTEM32;C:\Windows\WinSxS\amd64_microsoft.windows.common-controls_6595b64144ccf1df_6.0.19041.6456_none_60b8a6cb71f64256;C:\Program Files\Eclipse Adoptium\jdk-11.0.28.6-hotspot\bin\server;C:\Program Files\Bonjour;C:\Users\Faisal\AppData\Local\Temp\jna-2096863792;C:\Users\Faisal\AppData\Local\Temp\flatlaf.temp;C:\Users\Faisal\AppData\Local\Temp;C:\Windows\System32\DriverStore\FileRepository\iigd_dch.inf_amd64_4e41a1e74551d4db;C:\Users\Faisal\AppData\Local\Temp\lwjgl-rl\3.3.2+13\x64

VM Arguments:
jvm_args: -agentlib:jdwp=transport=dt_socket,server=n,suspend=y,address=localhost:64852 -ea 
java_command: com.zebakroarhelper.ZebakRoarPluginTest --developer-mode
java_class_path (initial): C:\Users\Faisal\Projects\runelite\zebak-roar-helper\build\resources\test;C:\Users\Faisal\Projects\runelite\zebak-roar-helper\build\classes\java\test;\zebak-roar-helper\build\resources\main;C:\Users\Faisal\Projects\runelite\zebak-roar-helper\build\classes\java\main;\zebak-roar-helper\bin;C:\Users\Faisal\.gradle\caches\modules-2\files-2.1\ch.qos.logback\logback-core\1.2.9\cdaca0cf922c5791a8efa0063ec714ca974affe3\logback-core-1.2.9.jar;C:\Users\Faisal\.gradle\caches\modules-2\files-2.1\org.projectlombok\lombok\1.18.30\f195ee86e6c896ea47a1d39defbe20eb59cd149d\lombok-1.18.30.jar;C:\Users\Faisal\.gradle\caches\modules-2\files-2.1\org.lwjgl\lwjgl-opencl\3.3.2\25cefb263d7da6d3328aab9db41b6d1ea256a134\lwjgl-opencl-3.3.2.jar;C:\Users\Faisal\.gradle\caches\modules-2\files-2.1\net.runelite\client\1.12.28\c94a638340750fe69230aa6663cc2317c52a3240\client-1.12.28.jar;C:\Users\Faisal\.gradle\caches\modules-2\files-2.1\net.java.dev.jna\jna-platform\5.9.0\c535a5bda553d7d7690356c825010da74b2671b5\jna-platform-5.9.0.jar;C:\Users\Faisal\.gradle\caches\modules-2\files-2.1\com.google.protobuf\protobuf-javalite\3.21.12\e450dd89f2b4f79af08a9cb8ccbe62b25b1e7be8\protobuf-javalite-3.21.12.jar;C:\Users\Faisal\.gradle\caches\modules-2\files-2.1\net.sf.jopt-simple\jopt-simple\5.0.1\20f7d76f9d06033d68f1b8e58666e7c542e91f08\jopt-simple-5.0.1.jar;C:\Users\Faisal\.gradle\caches\modules-2\files-2.1\org.lwjgl\lwjgl-opengl\3.3.2\ee8e95be0b438602038bc1f02dc5e3d011b1b216\lwjgl-opengl-3.3.2.jar;C:\Users\Faisal\.gradle\caches\modules-2\files-2.1\net.runelite\rlawt\1.8\f16657784ff32b98e108385bcf4ecfcf7185d67\rlawt-1.8.jar;C:\Users\Faisal\.gradle\caches\modules-2\files-2.1\net.runelite\flatlaf\3.2.5-rl4\b1fe47f883df98b5e948212089105ccb011a6ecb\flatlaf-3.2.5-rl4.jar;C:\Users\Faisal\.gradle\caches\modules-2\files-2.1\org.apache.commons\commons-text\1.2\74acdec7237f576c4803fff0c1008ab8a3808b2b\commons-text-1.2.jar;C:\Users\Faisal\.gradle\caches\modules-2\files-2.1\com.google.code.find
Launcher Type: SUN_STANDARD

[Global flags]
     intx CICompilerCount                          = 3                                         {product} {ergonomic}
     uint ConcGCThreads                            = 1                                         {product} {ergonomic}
     uint G1ConcRefinementThreads                  = 4                                         {product} {ergonomic}
   size_t G1HeapRegionSize                         = 2097152                                   {product} {ergonomic}
    uintx GCDrainStackTargetSize                   = 64                                        {product} {ergonomic}
   size_t InitialHeapSize                          = 536870912                                 {product} {ergonomic}
   size_t MarkStackSize                            = 4194304                                   {product} {ergonomic}
   size_t MaxHeapSize                              = 8558477312                                {product} {ergonomic}
   size_t MaxNewSize                               = 5133828096                                {product} {ergonomic}
   size_t MinHeapDeltaBytes                        = 2097152                                   {product} {ergonomic}
    uintx NonNMethodCodeHeapSize                   = 5830732                                {pd product} {ergonomic}
    uintx NonProfiledCodeHeapSize                  = 122913754                              {pd product} {ergonomic}
    uintx ProfiledCodeHeapSize                     = 122913754                              {pd product} {ergonomic}
    uintx ReservedCodeCacheSize                    = 251658240                              {pd product} {ergonomic}
     bool SegmentedCodeCache                       = true                                      {product} {ergonomic}
     bool UseCompressedClassPointers               = true                                 {lp64_product} {ergonomic}
     bool UseCompressedOops                        = true                                 {lp64_product} {ergonomic}
     bool UseG1GC                                  = true                                      {product} {ergonomic}
     bool UseLargePagesIndividualAllocation        = false                                  {pd product} {ergonomic}

Logging:
Log output configuration:
 #0: stdout all=warning uptime,level,tags
 #1: stderr all=off uptime,level,tags

Environment Variables:
JAVA_HOME=C:\Program Files\Microsoft\jdk-17.0.14.7-hotspot\
PATH=C:\Program Files\Eclipse Adoptium\jdk-24.0.2.12-hotspot\bin;C:\Program Files\Eclipse Adoptium\jdk-11.0.28.6-hotspot\bin;C:\Program Files\Microsoft\jdk-17.0.14.7-hotspot\bin;C:\Python313\Scripts\;C:\Python313\;C:\Windows\system32;C:\Windows;C:\Windows\System32\Wbem;C:\Windows\System32\WindowsPowerShell\v1.0\;C:\Windows\System32\OpenSSH\;C:\Program Files\dotnet\;C:\Program Files\nodejs\;C:\ProgramData\chocolatey\bin;C:\Program Files (x86)\Windows Kits\10\Windows Performance Toolkit\;C:\Users\Faisal\AppData\Local\Programs\Python\Python38\Scripts\;C:\Users\Faisal\AppData\Local\Programs\Python\Python38\;C:\Users\Faisal\AppData\Local\Programs\Python\Python312\Scripts\;C:\Users\Faisal\AppData\Local\Programs\Python\Python312\;C:\Users\Faisal\AppData\Local\Programs\Python\Python39\Scripts\;C:\Users\Faisal\AppData\Local\Programs\Python\Python39\;C:\Users\Faisal\AppData\Local\Programs\Python\Python310\Scripts\;C:\Users\Faisal\AppData\Local\Programs\Python\Python310\;C:\Users\Faisal\AppData\Local\Microsoft\WindowsApps;C:\Users\Faisal\AppData\Roaming\npm;C:\Users\Faisal\AppData\Local\Programs\Git\cmd;C:\Users\Faisal\AppData\Local\Android\Sdk\platform-tools;C:\Users\Faisal\AppData\Local\Programs\Antigravity\bin;c:\Users\Faisal\.antigravity\extensions\vscjava.vscode-java-debug-0.59.0-universal\bundled\scripts\noConfigScripts;c:\Users\Faisal\.antigravity\extensions\ms-python.debugpy-2026.6.0-win32-x64\bundled\scripts\noConfigScripts
USERNAME=Faisal
LANG=en_US.UTF-8
OS=Windows_NT
PROCESSOR_IDENTIFIER=Intel64 Family 6 Model 142 Stepping 9, GenuineIntel
TMP=C:\Users\Faisal\AppData\Local\Temp
TEMP=C:\Users\Faisal\AppData\Local\Temp



---------------  S Y S T E M  ---------------

OS: Windows 10 , 64 bit Build 19041 (10.0.19041.5915)
OS uptime: 1 days 4:47 hours

CPU:total 4 (initial active 4) (2 cores per cpu, 2 threads per core) family 6 model 142 stepping 9 microcode 0xb4, cmov, cx8, fxsr, mmx, sse, sse2, sse3, ssse3, sse4.1, sse4.2, popcnt, avx, avx2, aes, clmul, erms, rtm, 3dnowpref, lzcnt, ht, tsc, tscinvbit, bmi1, bmi2, adx, fma

Memory: 4k page, system-wide physical 32647M (18078M free)
TotalPageFile size 37511M (AvailPageFile size 20828M)
current process WorkingSet (physical memory assigned to process): 1102M, peak: 1153M
current process commit charge ("private bytes"): 1222M, peak: 1308M

vm_info: OpenJDK 64-Bit Server VM (11.0.28+6) for windows-amd64 JRE (11.0.28+6), built on Jul 16 2025 11:20:51 by "" with MS VC++ 17.7 (VS2022)

END.
